{
  "__type__": "cc.AnimationClip",
  "_name": "player3",
  "_objFlags": 0,
  "_native": "",
  "_duration": 0.5,
  "sample": 10,
  "speed": 1,
  "wrapMode": 2,
  "curveData": {
    "comps": {
      "cc.Sprite": {
        "spriteFrame": [
          {
            "frame": 0,
            "value": {
              "__uuid__": "e59746e2-63f4-4414-85bb-cdfdfab1c812"
            }
          },
          {
            "frame": 0.1,
            "value": {
              "__uuid__": "b7474c56-a0a7-4d35-a935-3c41147d9c57"
            }
          },
          {
            "frame": 0.2,
            "value": {
              "__uuid__": "cf996c9d-0990-4b44-be8c-5c30cf1160d4"
            }
          },
          {
            "frame": 0.3,
            "value": {
              "__uuid__": "0654773a-1920-43f6-9cc5-277316a329b1"
            }
          },
          {
            "frame": 0.4,
            "value": {
              "__uuid__": "5116117d-bd9d-4add-a4c9-e5a5ce6cd96d"
            }
          }
        ]
      }
    }
  },
  "events": []
}