{
  "__type__": "cc.AnimationClip",
  "_name": "player2",
  "_objFlags": 0,
  "_native": "",
  "_duration": 0.5,
  "sample": 10,
  "speed": 1,
  "wrapMode": 2,
  "curveData": {
    "comps": {
      "cc.Sprite": {
        "spriteFrame": [
          {
            "frame": 0,
            "value": {
              "__uuid__": "c18232bb-15b1-47ba-887b-be55ac2e6c1f"
            }
          },
          {
            "frame": 0.1,
            "value": {
              "__uuid__": "70ec743e-de79-4411-9e16-aa7c989b9d17"
            }
          },
          {
            "frame": 0.2,
            "value": {
              "__uuid__": "20626f62-98c4-4949-961c-8b458b62de12"
            }
          },
          {
            "frame": 0.3,
            "value": {
              "__uuid__": "d7b43e48-7748-43f0-a40f-ac3dce7303b4"
            }
          },
          {
            "frame": 0.4,
            "value": {
              "__uuid__": "2db6be81-d76e-4aa0-9f26-26016ee52b1e"
            }
          }
        ]
      }
    }
  },
  "events": []
}