{
"skeleton": { "hash": "7/vMjistUG6EbqpBceNHJQVOe/I", "spine": "3.7.94", "width": 77, "height": 57 },
"bones": [
	{ "name": "root" },
	{ "name": "lr_body", "parent": "root" },
	{ "name": "body", "parent": "root", "length": 33.93, "rotation": 89.95 },
	{ "name": "body2", "parent": "body", "x": 33.93, "y": -0.03 }
],
"slots": [
	{ "name": "body", "bone": "body", "attachment": "body" },
	{ "name": "body2", "bone": "body", "blend": "additive" },
	{ "name": "light", "bone": "body2", "color": "ffffff00", "attachment": "light", "blend": "additive" }
],
"skins": {
	"default": {
		"body": {
			"body": { "x": 11.9, "y": -0.13, "rotation": -89.95, "width": 77, "height": 57 }
		},
		"body2": {
			"body": { "x": 11.9, "y": -0.13, "rotation": -89.95, "width": 77, "height": 57 }
		},
		"light": {
			"light": { "x": -0.99, "y": -0.06, "rotation": -89.95, "width": 7, "height": 13 }
		}
	}
},
"animations": {
	"idle": {
		"slots": {
			"body2": {
				"color": [
					{
						"time": 0,
						"color": "ffffff00",
						"curve": [ 0.25, 0, 0.75, 1 ]
					},
					{
						"time": 0.5,
						"color": "ffffffc1",
						"curve": [ 0.25, 0, 0.75, 1 ]
					},
					{ "time": 1, "color": "ffffff00" }
				],
				"attachment": [
					{ "time": 0, "name": "body" }
				]
			},
			"light": {
				"color": [
					{
						"time": 1,
						"color": "ffffff00",
						"curve": [ 0.25, 0, 0.75, 1 ]
					},
					{
						"time": 1.3333,
						"color": "ffffffff",
						"curve": [ 0.25, 0, 0.75, 1 ]
					},
					{ "time": 1.6667, "color": "ffffff00" }
				]
			}
		},
		"bones": {
			"lr_body": {
				"translate": [
					{ "time": 0, "x": -5.86, "y": 0 }
				]
			}
		}
	}
}
}