{
"skeleton": { "hash": "KCDVyuk/cVoPjkTyrXOpRafNMIk", "spine": "3.7.94", "width": 117, "height": 107 },
"bones": [
	{ "name": "root" },
	{ "name": "lr_body", "parent": "root" },
	{ "name": "head_1", "parent": "lr_body", "length": 28.7, "rotation": -90, "x": -0.19, "y": 52.47 },
	{ "name": "eye_l", "parent": "head_1", "length": 9.4, "rotation": 50.5, "x": -0.03, "y": 9.27 },
	{
		"name": "eye_r",
		"parent": "head_1",
		"length": 9.4,
		"rotation": 129.37,
		"x": -0.03,
		"y": -8.77,
		"scaleX": -1
	},
	{ "name": "horn_l", "parent": "head_1", "length": 22.28, "rotation": 179.42, "x": -14.36, "y": 22.09 },
	{ "name": "h_5", "parent": "head_1", "length": 6.52, "rotation": 136.4, "x": 2.06, "y": 31.09 },
	{ "name": "h_4", "parent": "h_5", "length": 12.48, "rotation": 9.63, "x": 6.36, "y": -0.16 },
	{ "name": "h_3", "parent": "h_4", "length": 14.1, "rotation": 58.5, "x": 16.54, "y": -0.79 },
	{ "name": "h_2", "parent": "h_3", "length": 11.03, "rotation": 26.27, "x": 13.87, "y": 0.6 },
	{ "name": "h_1", "parent": "h_2", "length": 23.23, "rotation": 0.89, "x": 11.53, "y": 0.11 },
	{
		"name": "h_6",
		"parent": "head_1",
		"length": 6.52,
		"rotation": -135.22,
		"x": 2.49,
		"y": -30.21,
		"scaleY": -1
	},
	{ "name": "h_7", "parent": "h_6", "length": 12.48, "rotation": 9.63, "x": 6.36, "y": -0.16 },
	{ "name": "h_8", "parent": "h_7", "length": 14.1, "rotation": 58.5, "x": 16.54, "y": -0.79 },
	{ "name": "h_9", "parent": "h_8", "length": 11.03, "rotation": 26.27, "x": 13.87, "y": 0.6 },
	{ "name": "h_10", "parent": "h_9", "length": 23.23, "rotation": 0.89, "x": 11.53, "y": 0.11 },
	{ "name": "horn_r", "parent": "head_1", "length": 20.44, "rotation": -178.93, "x": -15.32, "y": -21.93 },
	{ "name": "head", "parent": "head_1", "length": 17.2, "rotation": -179.51, "x": 46.62, "y": 0.15 },
	{ "name": "horn3_l", "parent": "head_1", "length": 16.69, "rotation": 12.42, "x": 21.09, "y": 22.04 },
	{ "name": "horn3_r", "parent": "head_1", "length": 18.47, "rotation": -10.9, "x": 20.7, "y": -21.51 }
],
"slots": [
	{ "name": "head_1", "bone": "head_1", "attachment": "head_1" },
	{ "name": "horn_l", "bone": "horn_l", "attachment": "horn_l" },
	{ "name": "horn_r", "bone": "horn_r", "attachment": "horn_r" },
	{ "name": "h_1", "bone": "h_1", "attachment": "h_1" },
	{ "name": "h_10", "bone": "h_10", "attachment": "h_1" },
	{ "name": "h_2", "bone": "h_2", "attachment": "h_2" },
	{ "name": "h_9", "bone": "h_9", "attachment": "h_2" },
	{ "name": "h_3", "bone": "h_3", "attachment": "h_3" },
	{ "name": "h_8", "bone": "h_8", "attachment": "h_3" },
	{ "name": "h_4", "bone": "h_4", "attachment": "h_4" },
	{ "name": "h_7", "bone": "h_7", "attachment": "h_4" },
	{ "name": "h_5", "bone": "h_5", "attachment": "h_5" },
	{ "name": "h_6", "bone": "h_6", "attachment": "h_5" },
	{ "name": "head", "bone": "head", "attachment": "head" },
	{ "name": "horn3_l", "bone": "horn3_l", "attachment": "horn3_l" },
	{ "name": "horn3_r", "bone": "horn3_r", "attachment": "horn3_r" },
	{ "name": "eye_l", "bone": "eye_l" },
	{ "name": "eye_r", "bone": "eye_r" }
],
"skins": {
	"default": {
		"eye_l": {
			"eye_l": { "x": 5.33, "y": 0.58, "rotation": 39.5, "width": 16, "height": 21 }
		},
		"eye_r": {
			"eye_l": { "x": 5.33, "y": 0.58, "rotation": 39.5, "width": 16, "height": 21 }
		},
		"h_1": {
			"h_1": { "x": 10.3, "y": 1.39, "rotation": -141.69, "width": 23, "height": 20 }
		},
		"h_10": {
			"h_1": { "x": 10.3, "y": 1.39, "rotation": -141.69, "width": 23, "height": 20 }
		},
		"h_2": {
			"h_2": { "x": 5.82, "y": -1.7, "rotation": -140.79, "width": 14, "height": 17 }
		},
		"h_3": {
			"h_3": { "x": 8.51, "y": -0.32, "rotation": -114.52, "width": 19, "height": 22 }
		},
		"h_4": {
			"h_4": { "x": 11.16, "y": 0.7, "rotation": -56.02, "width": 25, "height": 23 }
		},
		"h_5": {
			"h_5": { "x": 6.18, "y": -1.93, "rotation": -46.4, "width": 26, "height": 11 }
		},
		"h_6": {
			"h_5": { "x": 6.18, "y": -1.93, "rotation": -46.4, "width": 26, "height": 11 }
		},
		"h_7": {
			"h_4": { "x": 11.16, "y": 0.7, "rotation": -56.02, "width": 25, "height": 23 }
		},
		"h_8": {
			"h_3": { "x": 8.51, "y": -0.32, "rotation": -114.52, "width": 19, "height": 22 }
		},
		"h_9": {
			"h_2": { "x": 5.82, "y": -1.7, "rotation": -140.79, "width": 14, "height": 17 }
		},
		"head": {
			"head": { "x": 8.21, "y": -0.17, "rotation": -90.49, "width": 45, "height": 28 }
		},
		"head_1": {
			"head_1": { "x": 3.41, "y": 0.25, "rotation": 90, "width": 117, "height": 68 }
		},
		"horn3_l": {
			"horn3_l": { "x": 6.33, "y": -0.67, "rotation": 77.58, "width": 12, "height": 24 }
		},
		"horn3_r": {
			"horn3_r": { "x": 6.74, "y": 0.54, "rotation": 100.9, "width": 12, "height": 24 }
		},
		"horn_l": {
			"horn_l": { "x": 20.23, "y": -0.96, "rotation": -89.42, "width": 15, "height": 40 }
		},
		"horn_r": {
			"horn_r": { "x": 19.28, "y": 0.46, "rotation": -91.07, "width": 15, "height": 40 }
		}
	}
},
"animations": {
	"idle": {
		"slots": {
			"eye_l": {
				"attachment": [
					{ "time": 0.8333, "name": "eye_l" },
					{ "time": 0.9333, "name": null },
					{ "time": 1.6667, "name": "eye_l" },
					{ "time": 1.7667, "name": null },
					{ "time": 2.5, "name": "eye_l" },
					{ "time": 2.6, "name": null },
					{ "time": 3.5, "name": "eye_l" },
					{ "time": 3.6, "name": null }
				]
			},
			"eye_r": {
				"attachment": [
					{ "time": 0.8333, "name": "eye_l" },
					{ "time": 0.9333, "name": null },
					{ "time": 1.6667, "name": "eye_l" },
					{ "time": 1.7667, "name": null },
					{ "time": 2.5, "name": "eye_l" },
					{ "time": 2.6, "name": null },
					{ "time": 3.5, "name": "eye_l" },
					{ "time": 3.6, "name": null }
				]
			}
		},
		"bones": {
			"head_1": {
				"translate": [
					{
						"time": 0,
						"x": 0,
						"y": 0,
						"curve": [ 0.25, 0, 0.75, 1 ]
					},
					{
						"time": 0.2,
						"x": 0,
						"y": -8.2,
						"curve": [ 0.25, 0, 0.75, 1 ]
					},
					{
						"time": 0.4,
						"x": 0,
						"y": 0,
						"curve": [ 0.25, 0, 0.75, 1 ]
					},
					{
						"time": 0.6,
						"x": 0,
						"y": -8.2,
						"curve": [ 0.25, 0, 0.75, 1 ]
					},
					{
						"time": 0.8,
						"x": 0,
						"y": 0,
						"curve": [ 0.25, 0, 0.75, 1 ]
					},
					{
						"time": 1,
						"x": 0,
						"y": -8.2,
						"curve": [ 0.25, 0, 0.75, 1 ]
					},
					{
						"time": 1.2,
						"x": 0,
						"y": 0,
						"curve": [ 0.25, 0, 0.75, 1 ]
					},
					{
						"time": 1.4,
						"x": 0,
						"y": -8.2,
						"curve": [ 0.25, 0, 0.75, 1 ]
					},
					{
						"time": 1.6,
						"x": 0,
						"y": 0,
						"curve": [ 0.25, 0, 0.75, 1 ]
					},
					{
						"time": 1.8,
						"x": 0,
						"y": -8.2,
						"curve": [ 0.25, 0, 0.75, 1 ]
					},
					{
						"time": 2,
						"x": 0,
						"y": 0,
						"curve": [ 0.25, 0, 0.75, 1 ]
					},
					{
						"time": 2.2,
						"x": 0,
						"y": -8.2,
						"curve": [ 0.25, 0, 0.75, 1 ]
					},
					{
						"time": 2.4,
						"x": 0,
						"y": 0,
						"curve": [ 0.25, 0, 0.75, 1 ]
					},
					{
						"time": 2.5333,
						"x": 0,
						"y": -8.2,
						"curve": [ 0.25, 0, 0.75, 1 ]
					},
					{
						"time": 2.7,
						"x": 0,
						"y": 0,
						"curve": [ 0.25, 0, 0.75, 1 ]
					},
					{
						"time": 2.8333,
						"x": 0,
						"y": -8.2,
						"curve": [ 0.25, 0, 0.75, 1 ]
					},
					{
						"time": 3,
						"x": 0,
						"y": 0,
						"curve": [ 0.25, 0, 0.75, 1 ]
					},
					{
						"time": 3.1333,
						"x": 0,
						"y": -8.2,
						"curve": [ 0.25, 0, 0.75, 1 ]
					},
					{
						"time": 3.2667,
						"x": 0,
						"y": 0,
						"curve": [ 0.25, 0, 0.75, 1 ]
					},
					{
						"time": 3.4333,
						"x": 0,
						"y": -8.2,
						"curve": [ 0.25, 0, 0.75, 1 ]
					},
					{
						"time": 3.5667,
						"x": 0,
						"y": 0,
						"curve": [ 0.25, 0, 0.75, 1 ]
					},
					{
						"time": 3.7333,
						"x": 0,
						"y": -8.2,
						"curve": [ 0.25, 0, 0.75, 1 ]
					},
					{
						"time": 3.8667,
						"x": 0,
						"y": 0,
						"curve": [ 0.25, 0, 0.75, 1 ]
					},
					{
						"time": 4,
						"x": 0,
						"y": -8.2,
						"curve": [ 0.25, 0, 0.75, 1 ]
					},
					{ "time": 4.1667, "x": 0, "y": 0 }
				]
			},
			"horn_l": {
				"translate": [
					{
						"time": 0,
						"x": 0.8,
						"y": -0.01,
						"curve": [ 0.375, 0.5, 0.75, 1 ]
					},
					{
						"time": 0.1,
						"x": -0.81,
						"y": 0.01,
						"curve": [ 0.25, 0, 0.75, 1 ]
					},
					{
						"time": 0.3,
						"x": 2.42,
						"y": -0.02,
						"curve": [ 0.25, 0, 0.75, 1 ]
					},
					{
						"time": 0.5,
						"x": -0.81,
						"y": 0.01,
						"curve": [ 0.25, 0, 0.75, 1 ]
					},
					{
						"time": 0.7,
						"x": 2.42,
						"y": -0.02,
						"curve": [ 0.25, 0, 0.625, 0.5 ]
					},
					{
						"time": 0.8,
						"x": 0.8,
						"y": -0.01,
						"curve": [ 0.375, 0.5, 0.75, 1 ]
					},
					{
						"time": 0.9,
						"x": -0.81,
						"y": 0.01,
						"curve": [ 0.25, 0, 0.75, 1 ]
					},
					{
						"time": 1.1,
						"x": 2.42,
						"y": -0.02,
						"curve": [ 0.25, 0, 0.75, 1 ]
					},
					{
						"time": 1.3,
						"x": -0.81,
						"y": 0.01,
						"curve": [ 0.25, 0, 0.75, 1 ]
					},
					{
						"time": 1.5,
						"x": 2.42,
						"y": -0.02,
						"curve": [ 0.25, 0, 0.625, 0.5 ]
					},
					{
						"time": 1.6,
						"x": 0.8,
						"y": -0.01,
						"curve": [ 0.375, 0.5, 0.75, 1 ]
					},
					{
						"time": 1.7,
						"x": -0.81,
						"y": 0.01,
						"curve": [ 0.25, 0, 0.75, 1 ]
					},
					{
						"time": 1.9,
						"x": 2.42,
						"y": -0.02,
						"curve": [ 0.25, 0, 0.75, 1 ]
					},
					{
						"time": 2.1,
						"x": -0.81,
						"y": 0.01,
						"curve": [ 0.25, 0, 0.75, 1 ]
					},
					{
						"time": 2.3,
						"x": 2.42,
						"y": -0.02,
						"curve": [ 0.25, 0, 0.625, 0.5 ]
					},
					{
						"time": 2.4,
						"x": 0.8,
						"y": -0.01,
						"curve": [ 0.375, 0.5, 0.75, 1 ]
					},
					{
						"time": 2.4667,
						"x": -0.81,
						"y": 0.01,
						"curve": [ 0.25, 0, 0.75, 1 ]
					},
					{
						"time": 2.6333,
						"x": 2.42,
						"y": -0.02,
						"curve": [ 0.25, 0, 0.75, 1 ]
					},
					{
						"time": 2.7667,
						"x": -0.81,
						"y": 0.01,
						"curve": [ 0.25, 0, 0.75, 1 ]
					},
					{
						"time": 2.9,
						"x": 2.42,
						"y": -0.02,
						"curve": [ 0.25, 0, 0.625, 0.5 ]
					},
					{
						"time": 3,
						"x": 0.8,
						"y": -0.01,
						"curve": [ 0.375, 0.5, 0.75, 1 ]
					},
					{
						"time": 3.0667,
						"x": -0.81,
						"y": 0.01,
						"curve": [ 0.25, 0, 0.75, 1 ]
					},
					{
						"time": 3.2,
						"x": 2.42,
						"y": -0.02,
						"curve": [ 0.25, 0, 0.75, 1 ]
					},
					{
						"time": 3.3667,
						"x": -0.81,
						"y": 0.01,
						"curve": [ 0.25, 0, 0.75, 1 ]
					},
					{
						"time": 3.5,
						"x": 2.42,
						"y": -0.02,
						"curve": [ 0.25, 0, 0.625, 0.5 ]
					},
					{
						"time": 3.5667,
						"x": 0.8,
						"y": -0.01,
						"curve": [ 0.375, 0.5, 0.75, 1 ]
					},
					{
						"time": 3.6333,
						"x": -0.81,
						"y": 0.01,
						"curve": [ 0.25, 0, 0.75, 1 ]
					},
					{
						"time": 3.8,
						"x": 2.42,
						"y": -0.02,
						"curve": [ 0.25, 0, 0.75, 1 ]
					},
					{
						"time": 3.9333,
						"x": -0.81,
						"y": 0.01,
						"curve": [ 0.25, 0, 0.75, 1 ]
					},
					{
						"time": 4.1,
						"x": 2.42,
						"y": -0.02,
						"curve": [ 0.25, 0, 0.625, 0.5 ]
					},
					{ "time": 4.1667, "x": 0.8, "y": -0.01 }
				]
			},
			"horn_r": {
				"translate": [
					{
						"time": 0,
						"x": 0.8,
						"y": 0.02,
						"curve": [ 0.375, 0.5, 0.75, 1 ]
					},
					{
						"time": 0.1,
						"x": -0.81,
						"y": -0.02,
						"curve": [ 0.25, 0, 0.75, 1 ]
					},
					{
						"time": 0.3,
						"x": 2.42,
						"y": 0.05,
						"curve": [ 0.25, 0, 0.75, 1 ]
					},
					{
						"time": 0.5,
						"x": -0.81,
						"y": -0.02,
						"curve": [ 0.25, 0, 0.75, 1 ]
					},
					{
						"time": 0.7,
						"x": 2.42,
						"y": 0.05,
						"curve": [ 0.25, 0, 0.625, 0.5 ]
					},
					{
						"time": 0.8,
						"x": 0.8,
						"y": 0.02,
						"curve": [ 0.375, 0.5, 0.75, 1 ]
					},
					{
						"time": 0.9,
						"x": -0.81,
						"y": -0.02,
						"curve": [ 0.25, 0, 0.75, 1 ]
					},
					{
						"time": 1.1,
						"x": 2.42,
						"y": 0.05,
						"curve": [ 0.25, 0, 0.75, 1 ]
					},
					{
						"time": 1.3,
						"x": -0.81,
						"y": -0.02,
						"curve": [ 0.25, 0, 0.75, 1 ]
					},
					{
						"time": 1.5,
						"x": 2.42,
						"y": 0.05,
						"curve": [ 0.25, 0, 0.625, 0.5 ]
					},
					{
						"time": 1.6,
						"x": 0.8,
						"y": 0.02,
						"curve": [ 0.375, 0.5, 0.75, 1 ]
					},
					{
						"time": 1.7,
						"x": -0.81,
						"y": -0.02,
						"curve": [ 0.25, 0, 0.75, 1 ]
					},
					{
						"time": 1.9,
						"x": 2.42,
						"y": 0.05,
						"curve": [ 0.25, 0, 0.75, 1 ]
					},
					{
						"time": 2.1,
						"x": -0.81,
						"y": -0.02,
						"curve": [ 0.25, 0, 0.75, 1 ]
					},
					{
						"time": 2.3,
						"x": 2.42,
						"y": 0.05,
						"curve": [ 0.25, 0, 0.625, 0.5 ]
					},
					{
						"time": 2.4,
						"x": 0.8,
						"y": 0.02,
						"curve": [ 0.375, 0.5, 0.75, 1 ]
					},
					{
						"time": 2.4667,
						"x": -0.81,
						"y": -0.02,
						"curve": [ 0.25, 0, 0.75, 1 ]
					},
					{
						"time": 2.6333,
						"x": 2.42,
						"y": 0.05,
						"curve": [ 0.25, 0, 0.75, 1 ]
					},
					{
						"time": 2.7667,
						"x": -0.81,
						"y": -0.02,
						"curve": [ 0.25, 0, 0.75, 1 ]
					},
					{
						"time": 2.9,
						"x": 2.42,
						"y": 0.05,
						"curve": [ 0.25, 0, 0.625, 0.5 ]
					},
					{
						"time": 3,
						"x": 0.8,
						"y": 0.02,
						"curve": [ 0.375, 0.5, 0.75, 1 ]
					},
					{
						"time": 3.0667,
						"x": -0.81,
						"y": -0.02,
						"curve": [ 0.25, 0, 0.75, 1 ]
					},
					{
						"time": 3.2,
						"x": 2.42,
						"y": 0.05,
						"curve": [ 0.25, 0, 0.75, 1 ]
					},
					{
						"time": 3.3667,
						"x": -0.81,
						"y": -0.02,
						"curve": [ 0.25, 0, 0.75, 1 ]
					},
					{
						"time": 3.5,
						"x": 2.42,
						"y": 0.05,
						"curve": [ 0.25, 0, 0.625, 0.5 ]
					},
					{
						"time": 3.5667,
						"x": 0.8,
						"y": 0.02,
						"curve": [ 0.375, 0.5, 0.75, 1 ]
					},
					{
						"time": 3.6333,
						"x": -0.81,
						"y": -0.02,
						"curve": [ 0.25, 0, 0.75, 1 ]
					},
					{
						"time": 3.8,
						"x": 2.42,
						"y": 0.05,
						"curve": [ 0.25, 0, 0.75, 1 ]
					},
					{
						"time": 3.9333,
						"x": -0.81,
						"y": -0.02,
						"curve": [ 0.25, 0, 0.75, 1 ]
					},
					{
						"time": 4.1,
						"x": 2.42,
						"y": 0.05,
						"curve": [ 0.25, 0, 0.625, 0.5 ]
					},
					{ "time": 4.1667, "x": 0.8, "y": 0.02 }
				]
			},
			"head": {
				"translate": [
					{
						"time": 0,
						"x": 0,
						"y": 0,
						"curve": [ 0.25, 0, 0.75, 1 ]
					},
					{
						"time": 0.2,
						"x": 5.74,
						"y": 0.05,
						"curve": [ 0.25, 0, 0.75, 1 ]
					},
					{
						"time": 0.4,
						"x": 0,
						"y": 0,
						"curve": [ 0.25, 0, 0.75, 1 ]
					},
					{
						"time": 0.6,
						"x": 5.74,
						"y": 0.05,
						"curve": [ 0.25, 0, 0.75, 1 ]
					},
					{
						"time": 0.8,
						"x": 0,
						"y": 0,
						"curve": [ 0.25, 0, 0.75, 1 ]
					},
					{
						"time": 1,
						"x": 5.74,
						"y": 0.05,
						"curve": [ 0.25, 0, 0.75, 1 ]
					},
					{
						"time": 1.2,
						"x": 0,
						"y": 0,
						"curve": [ 0.25, 0, 0.75, 1 ]
					},
					{
						"time": 1.4,
						"x": 5.74,
						"y": 0.05,
						"curve": [ 0.25, 0, 0.75, 1 ]
					},
					{
						"time": 1.6,
						"x": 0,
						"y": 0,
						"curve": [ 0.25, 0, 0.75, 1 ]
					},
					{
						"time": 1.8,
						"x": 5.74,
						"y": 0.05,
						"curve": [ 0.25, 0, 0.75, 1 ]
					},
					{
						"time": 2,
						"x": 0,
						"y": 0,
						"curve": [ 0.25, 0, 0.75, 1 ]
					},
					{
						"time": 2.2,
						"x": 5.74,
						"y": 0.05,
						"curve": [ 0.25, 0, 0.75, 1 ]
					},
					{
						"time": 2.4,
						"x": 0,
						"y": 0,
						"curve": [ 0.25, 0, 0.75, 1 ]
					},
					{
						"time": 2.5333,
						"x": 5.74,
						"y": 0.05,
						"curve": [ 0.25, 0, 0.75, 1 ]
					},
					{
						"time": 2.7,
						"x": 0,
						"y": 0,
						"curve": [ 0.25, 0, 0.75, 1 ]
					},
					{
						"time": 2.8333,
						"x": 5.74,
						"y": 0.05,
						"curve": [ 0.25, 0, 0.75, 1 ]
					},
					{
						"time": 3,
						"x": 0,
						"y": 0,
						"curve": [ 0.25, 0, 0.75, 1 ]
					},
					{
						"time": 3.1333,
						"x": 5.74,
						"y": 0.05,
						"curve": [ 0.25, 0, 0.75, 1 ]
					},
					{
						"time": 3.2667,
						"x": 0,
						"y": 0,
						"curve": [ 0.25, 0, 0.75, 1 ]
					},
					{
						"time": 3.4333,
						"x": 5.74,
						"y": 0.05,
						"curve": [ 0.25, 0, 0.75, 1 ]
					},
					{
						"time": 3.5667,
						"x": 0,
						"y": 0,
						"curve": [ 0.25, 0, 0.75, 1 ]
					},
					{
						"time": 3.7333,
						"x": 5.74,
						"y": 0.05,
						"curve": [ 0.25, 0, 0.75, 1 ]
					},
					{
						"time": 3.8667,
						"x": 0,
						"y": 0,
						"curve": [ 0.25, 0, 0.75, 1 ]
					},
					{
						"time": 4,
						"x": 5.74,
						"y": 0.05,
						"curve": [ 0.25, 0, 0.75, 1 ]
					},
					{ "time": 4.1667, "x": 0, "y": 0 }
				]
			},
			"horn3_l": {
				"rotate": [
					{
						"time": 0,
						"angle": 3.83,
						"curve": [ 0.375, 0.5, 0.75, 1 ]
					},
					{
						"time": 0.1,
						"angle": 10.43,
						"curve": [ 0.25, 0, 0.75, 1 ]
					},
					{
						"time": 0.3,
						"angle": -2.78,
						"curve": [ 0.25, 0, 0.75, 1 ]
					},
					{
						"time": 0.5,
						"angle": 10.43,
						"curve": [ 0.25, 0, 0.75, 1 ]
					},
					{
						"time": 0.7,
						"angle": -2.78,
						"curve": [ 0.25, 0, 0.625, 0.5 ]
					},
					{
						"time": 0.8,
						"angle": 3.83,
						"curve": [ 0.375, 0.5, 0.75, 1 ]
					},
					{
						"time": 0.9,
						"angle": 10.43,
						"curve": [ 0.25, 0, 0.75, 1 ]
					},
					{
						"time": 1.1,
						"angle": -2.78,
						"curve": [ 0.25, 0, 0.75, 1 ]
					},
					{
						"time": 1.3,
						"angle": 10.43,
						"curve": [ 0.25, 0, 0.75, 1 ]
					},
					{
						"time": 1.5,
						"angle": -2.78,
						"curve": [ 0.25, 0, 0.625, 0.5 ]
					},
					{
						"time": 1.6,
						"angle": 3.83,
						"curve": [ 0.375, 0.5, 0.75, 1 ]
					},
					{
						"time": 1.7,
						"angle": 10.43,
						"curve": [ 0.25, 0, 0.75, 1 ]
					},
					{
						"time": 1.9,
						"angle": -2.78,
						"curve": [ 0.25, 0, 0.75, 1 ]
					},
					{
						"time": 2.1,
						"angle": 10.43,
						"curve": [ 0.25, 0, 0.75, 1 ]
					},
					{
						"time": 2.3,
						"angle": -2.78,
						"curve": [ 0.25, 0, 0.625, 0.5 ]
					},
					{
						"time": 2.4,
						"angle": 3.83,
						"curve": [ 0.375, 0.5, 0.75, 1 ]
					},
					{
						"time": 2.4667,
						"angle": 10.43,
						"curve": [ 0.25, 0, 0.75, 1 ]
					},
					{
						"time": 2.6333,
						"angle": -2.78,
						"curve": [ 0.25, 0, 0.75, 1 ]
					},
					{
						"time": 2.7667,
						"angle": 10.43,
						"curve": [ 0.25, 0, 0.75, 1 ]
					},
					{
						"time": 2.9,
						"angle": -2.78,
						"curve": [ 0.25, 0, 0.625, 0.5 ]
					},
					{
						"time": 3,
						"angle": 3.83,
						"curve": [ 0.375, 0.5, 0.75, 1 ]
					},
					{
						"time": 3.0667,
						"angle": 10.43,
						"curve": [ 0.25, 0, 0.75, 1 ]
					},
					{
						"time": 3.2,
						"angle": -2.78,
						"curve": [ 0.25, 0, 0.75, 1 ]
					},
					{
						"time": 3.3667,
						"angle": 10.43,
						"curve": [ 0.25, 0, 0.75, 1 ]
					},
					{
						"time": 3.5,
						"angle": -2.78,
						"curve": [ 0.25, 0, 0.625, 0.5 ]
					},
					{
						"time": 3.5667,
						"angle": 3.83,
						"curve": [ 0.375, 0.5, 0.75, 1 ]
					},
					{
						"time": 3.6333,
						"angle": 10.43,
						"curve": [ 0.25, 0, 0.75, 1 ]
					},
					{
						"time": 3.8,
						"angle": -2.78,
						"curve": [ 0.25, 0, 0.75, 1 ]
					},
					{
						"time": 3.9333,
						"angle": 10.43,
						"curve": [ 0.25, 0, 0.75, 1 ]
					},
					{
						"time": 4.1,
						"angle": -2.78,
						"curve": [ 0.25, 0, 0.625, 0.5 ]
					},
					{ "time": 4.1667, "angle": 3.83 }
				]
			},
			"horn3_r": {
				"rotate": [
					{
						"time": 0,
						"angle": -4.6,
						"curve": [ 0.375, 0.5, 0.75, 1 ]
					},
					{
						"time": 0.1,
						"angle": -11.57,
						"curve": [ 0.25, 0, 0.75, 1 ]
					},
					{
						"time": 0.3,
						"angle": 2.37,
						"curve": [ 0.25, 0, 0.75, 1 ]
					},
					{
						"time": 0.5,
						"angle": -11.57,
						"curve": [ 0.25, 0, 0.75, 1 ]
					},
					{
						"time": 0.7,
						"angle": 2.37,
						"curve": [ 0.25, 0, 0.625, 0.5 ]
					},
					{
						"time": 0.8,
						"angle": -4.6,
						"curve": [ 0.375, 0.5, 0.75, 1 ]
					},
					{
						"time": 0.9,
						"angle": -11.57,
						"curve": [ 0.25, 0, 0.75, 1 ]
					},
					{
						"time": 1.1,
						"angle": 2.37,
						"curve": [ 0.25, 0, 0.75, 1 ]
					},
					{
						"time": 1.3,
						"angle": -11.57,
						"curve": [ 0.25, 0, 0.75, 1 ]
					},
					{
						"time": 1.5,
						"angle": 2.37,
						"curve": [ 0.25, 0, 0.625, 0.5 ]
					},
					{
						"time": 1.6,
						"angle": -4.6,
						"curve": [ 0.375, 0.5, 0.75, 1 ]
					},
					{
						"time": 1.7,
						"angle": -11.57,
						"curve": [ 0.25, 0, 0.75, 1 ]
					},
					{
						"time": 1.9,
						"angle": 2.37,
						"curve": [ 0.25, 0, 0.75, 1 ]
					},
					{
						"time": 2.1,
						"angle": -11.57,
						"curve": [ 0.25, 0, 0.75, 1 ]
					},
					{
						"time": 2.3,
						"angle": 2.37,
						"curve": [ 0.25, 0, 0.625, 0.5 ]
					},
					{
						"time": 2.4,
						"angle": -4.6,
						"curve": [ 0.375, 0.5, 0.75, 1 ]
					},
					{
						"time": 2.4667,
						"angle": -11.57,
						"curve": [ 0.25, 0, 0.75, 1 ]
					},
					{
						"time": 2.6333,
						"angle": 2.37,
						"curve": [ 0.25, 0, 0.75, 1 ]
					},
					{
						"time": 2.7667,
						"angle": -11.57,
						"curve": [ 0.25, 0, 0.75, 1 ]
					},
					{
						"time": 2.9,
						"angle": 2.37,
						"curve": [ 0.25, 0, 0.625, 0.5 ]
					},
					{
						"time": 3,
						"angle": -4.6,
						"curve": [ 0.375, 0.5, 0.75, 1 ]
					},
					{
						"time": 3.0667,
						"angle": -11.57,
						"curve": [ 0.25, 0, 0.75, 1 ]
					},
					{
						"time": 3.2,
						"angle": 2.37,
						"curve": [ 0.25, 0, 0.75, 1 ]
					},
					{
						"time": 3.3667,
						"angle": -11.57,
						"curve": [ 0.25, 0, 0.75, 1 ]
					},
					{
						"time": 3.5,
						"angle": 2.37,
						"curve": [ 0.25, 0, 0.625, 0.5 ]
					},
					{
						"time": 3.5667,
						"angle": -4.6,
						"curve": [ 0.375, 0.5, 0.75, 1 ]
					},
					{
						"time": 3.6333,
						"angle": -11.57,
						"curve": [ 0.25, 0, 0.75, 1 ]
					},
					{
						"time": 3.8,
						"angle": 2.37,
						"curve": [ 0.25, 0, 0.75, 1 ]
					},
					{
						"time": 3.9333,
						"angle": -11.57,
						"curve": [ 0.25, 0, 0.75, 1 ]
					},
					{
						"time": 4.1,
						"angle": 2.37,
						"curve": [ 0.25, 0, 0.625, 0.5 ]
					},
					{ "time": 4.1667, "angle": -4.6 }
				]
			},
			"lr_body": {
				"translate": [
					{
						"time": 0,
						"x": -5.86,
						"y": 0,
						"curve": [ 0.25, 0, 0.75, 1 ]
					},
					{
						"time": 0.4,
						"x": 6.93,
						"y": 0,
						"curve": [ 0.25, 0, 0.75, 1 ]
					},
					{
						"time": 0.8,
						"x": -5.86,
						"y": 0,
						"curve": [ 0.25, 0, 0.75, 1 ]
					},
					{
						"time": 1.2,
						"x": 6.93,
						"y": 0,
						"curve": [ 0.25, 0, 0.75, 1 ]
					},
					{
						"time": 1.6,
						"x": -5.86,
						"y": 0,
						"curve": [ 0.25, 0, 0.75, 1 ]
					},
					{
						"time": 2,
						"x": 6.93,
						"y": 0,
						"curve": [ 0.25, 0, 0.75, 1 ]
					},
					{
						"time": 2.4,
						"x": -5.86,
						"y": 0,
						"curve": [ 0.25, 0, 0.75, 1 ]
					},
					{
						"time": 2.7,
						"x": 6.93,
						"y": 0,
						"curve": [ 0.25, 0, 0.75, 1 ]
					},
					{
						"time": 3,
						"x": -5.86,
						"y": 0,
						"curve": [ 0.25, 0, 0.75, 1 ]
					},
					{
						"time": 3.2667,
						"x": 6.93,
						"y": 0,
						"curve": [ 0.25, 0, 0.75, 1 ]
					},
					{
						"time": 3.5667,
						"x": -5.86,
						"y": 0,
						"curve": [ 0.25, 0, 0.75, 1 ]
					},
					{
						"time": 3.8667,
						"x": 6.93,
						"y": 0,
						"curve": [ 0.25, 0, 0.75, 1 ]
					},
					{ "time": 4.1667, "x": -5.86, "y": 0 }
				]
			},
			"h_7": {
				"translate": [
					{
						"time": 0,
						"x": -0.77,
						"y": -0.13,
						"curve": [ 0.382, 0.57, 0.735, 1 ]
					},
					{
						"time": 0.0667,
						"x": 0,
						"y": 0,
						"curve": [ 0.25, 0, 0.75, 1 ]
					},
					{
						"time": 0.2667,
						"x": -2.7,
						"y": -0.46,
						"curve": [ 0.25, 0, 0.75, 1 ]
					},
					{
						"time": 0.4667,
						"x": 0,
						"y": 0,
						"curve": [ 0.25, 0, 0.75, 1 ]
					},
					{
						"time": 0.6667,
						"x": -2.7,
						"y": -0.46,
						"curve": [ 0.243, 0, 0.649, 0.6 ]
					},
					{
						"time": 0.8,
						"x": -0.77,
						"y": -0.13,
						"curve": [ 0.382, 0.57, 0.735, 1 ]
					},
					{
						"time": 0.8667,
						"x": 0,
						"y": 0,
						"curve": [ 0.25, 0, 0.75, 1 ]
					},
					{
						"time": 1.0667,
						"x": -2.7,
						"y": -0.46,
						"curve": [ 0.25, 0, 0.75, 1 ]
					},
					{
						"time": 1.2667,
						"x": 0,
						"y": 0,
						"curve": [ 0.25, 0, 0.75, 1 ]
					},
					{
						"time": 1.4667,
						"x": -2.7,
						"y": -0.46,
						"curve": [ 0.243, 0, 0.649, 0.6 ]
					},
					{
						"time": 1.6,
						"x": -0.77,
						"y": -0.13,
						"curve": [ 0.382, 0.57, 0.735, 1 ]
					},
					{
						"time": 1.6667,
						"x": 0,
						"y": 0,
						"curve": [ 0.25, 0, 0.75, 1 ]
					},
					{
						"time": 1.8667,
						"x": -2.7,
						"y": -0.46,
						"curve": [ 0.25, 0, 0.75, 1 ]
					},
					{
						"time": 2.0667,
						"x": 0,
						"y": 0,
						"curve": [ 0.25, 0, 0.75, 1 ]
					},
					{
						"time": 2.2667,
						"x": -2.7,
						"y": -0.46,
						"curve": [ 0.243, 0, 0.649, 0.6 ]
					},
					{
						"time": 2.4,
						"x": -0.77,
						"y": -0.13,
						"curve": [ 0.382, 0.57, 0.735, 1 ]
					},
					{
						"time": 2.4333,
						"x": 0,
						"y": 0,
						"curve": [ 0.25, 0, 0.75, 1 ]
					},
					{
						"time": 2.6,
						"x": -2.7,
						"y": -0.46,
						"curve": [ 0.25, 0, 0.75, 1 ]
					},
					{
						"time": 2.7333,
						"x": 0,
						"y": 0,
						"curve": [ 0.25, 0, 0.75, 1 ]
					},
					{
						"time": 2.9,
						"x": -2.7,
						"y": -0.46,
						"curve": [ 0.243, 0, 0.649, 0.6 ]
					},
					{
						"time": 3,
						"x": -0.77,
						"y": -0.13,
						"curve": [ 0.382, 0.57, 0.735, 1 ]
					},
					{
						"time": 3.0333,
						"x": 0,
						"y": 0,
						"curve": [ 0.25, 0, 0.75, 1 ]
					},
					{
						"time": 3.1667,
						"x": -2.7,
						"y": -0.46,
						"curve": [ 0.25, 0, 0.75, 1 ]
					},
					{
						"time": 3.3333,
						"x": 0,
						"y": 0,
						"curve": [ 0.25, 0, 0.75, 1 ]
					},
					{
						"time": 3.4667,
						"x": -2.7,
						"y": -0.46,
						"curve": [ 0.243, 0, 0.649, 0.6 ]
					},
					{
						"time": 3.5667,
						"x": -0.77,
						"y": -0.13,
						"curve": [ 0.382, 0.57, 0.735, 1 ]
					},
					{
						"time": 3.6333,
						"x": 0,
						"y": 0,
						"curve": [ 0.25, 0, 0.75, 1 ]
					},
					{
						"time": 3.7667,
						"x": -2.7,
						"y": -0.46,
						"curve": [ 0.25, 0, 0.75, 1 ]
					},
					{
						"time": 3.9,
						"x": 0,
						"y": 0,
						"curve": [ 0.25, 0, 0.75, 1 ]
					},
					{
						"time": 4.0667,
						"x": -2.7,
						"y": -0.46,
						"curve": [ 0.243, 0, 0.649, 0.6 ]
					},
					{ "time": 4.1667, "x": -0.77, "y": -0.13 }
				],
				"scale": [
					{
						"time": 0,
						"x": 1.036,
						"y": 1.036,
						"curve": [ 0.382, 0.57, 0.735, 1 ]
					},
					{
						"time": 0.0667,
						"x": 1.05,
						"y": 1.05,
						"curve": [ 0.25, 0, 0.75, 1 ]
					},
					{
						"time": 0.2667,
						"x": 1,
						"y": 1,
						"curve": [ 0.25, 0, 0.75, 1 ]
					},
					{
						"time": 0.4667,
						"x": 1.05,
						"y": 1.05,
						"curve": [ 0.25, 0, 0.75, 1 ]
					},
					{
						"time": 0.6667,
						"x": 1,
						"y": 1,
						"curve": [ 0.243, 0, 0.649, 0.6 ]
					},
					{
						"time": 0.8,
						"x": 1.036,
						"y": 1.036,
						"curve": [ 0.382, 0.57, 0.735, 1 ]
					},
					{
						"time": 0.8667,
						"x": 1.05,
						"y": 1.05,
						"curve": [ 0.25, 0, 0.75, 1 ]
					},
					{
						"time": 1.0667,
						"x": 1,
						"y": 1,
						"curve": [ 0.25, 0, 0.75, 1 ]
					},
					{
						"time": 1.2667,
						"x": 1.05,
						"y": 1.05,
						"curve": [ 0.25, 0, 0.75, 1 ]
					},
					{
						"time": 1.4667,
						"x": 1,
						"y": 1,
						"curve": [ 0.243, 0, 0.649, 0.6 ]
					},
					{
						"time": 1.6,
						"x": 1.036,
						"y": 1.036,
						"curve": [ 0.382, 0.57, 0.735, 1 ]
					},
					{
						"time": 1.6667,
						"x": 1.05,
						"y": 1.05,
						"curve": [ 0.25, 0, 0.75, 1 ]
					},
					{
						"time": 1.8667,
						"x": 1,
						"y": 1,
						"curve": [ 0.25, 0, 0.75, 1 ]
					},
					{
						"time": 2.0667,
						"x": 1.05,
						"y": 1.05,
						"curve": [ 0.25, 0, 0.75, 1 ]
					},
					{
						"time": 2.2667,
						"x": 1,
						"y": 1,
						"curve": [ 0.243, 0, 0.649, 0.6 ]
					},
					{
						"time": 2.4,
						"x": 1.036,
						"y": 1.036,
						"curve": [ 0.382, 0.57, 0.735, 1 ]
					},
					{
						"time": 2.4333,
						"x": 1.05,
						"y": 1.05,
						"curve": [ 0.25, 0, 0.75, 1 ]
					},
					{
						"time": 2.6,
						"x": 1,
						"y": 1,
						"curve": [ 0.25, 0, 0.75, 1 ]
					},
					{
						"time": 2.7333,
						"x": 1.05,
						"y": 1.05,
						"curve": [ 0.25, 0, 0.75, 1 ]
					},
					{
						"time": 2.9,
						"x": 1,
						"y": 1,
						"curve": [ 0.243, 0, 0.649, 0.6 ]
					},
					{
						"time": 3,
						"x": 1.036,
						"y": 1.036,
						"curve": [ 0.382, 0.57, 0.735, 1 ]
					},
					{
						"time": 3.0333,
						"x": 1.05,
						"y": 1.05,
						"curve": [ 0.25, 0, 0.75, 1 ]
					},
					{
						"time": 3.1667,
						"x": 1,
						"y": 1,
						"curve": [ 0.25, 0, 0.75, 1 ]
					},
					{
						"time": 3.3333,
						"x": 1.05,
						"y": 1.05,
						"curve": [ 0.25, 0, 0.75, 1 ]
					},
					{
						"time": 3.4667,
						"x": 1,
						"y": 1,
						"curve": [ 0.243, 0, 0.649, 0.6 ]
					},
					{
						"time": 3.5667,
						"x": 1.036,
						"y": 1.036,
						"curve": [ 0.382, 0.57, 0.735, 1 ]
					},
					{
						"time": 3.6333,
						"x": 1.05,
						"y": 1.05,
						"curve": [ 0.25, 0, 0.75, 1 ]
					},
					{
						"time": 3.7667,
						"x": 1,
						"y": 1,
						"curve": [ 0.25, 0, 0.75, 1 ]
					},
					{
						"time": 3.9,
						"x": 1.05,
						"y": 1.05,
						"curve": [ 0.25, 0, 0.75, 1 ]
					},
					{
						"time": 4.0667,
						"x": 1,
						"y": 1,
						"curve": [ 0.243, 0, 0.649, 0.6 ]
					},
					{ "time": 4.1667, "x": 1.036, "y": 1.036 }
				]
			},
			"h_8": {
				"translate": [
					{
						"time": 0,
						"x": -0.56,
						"y": -0.92,
						"curve": [ 0.351, 0.4, 0.757, 1 ]
					},
					{
						"time": 0.1333,
						"x": 0,
						"y": 0,
						"curve": [ 0.25, 0, 0.75, 1 ]
					},
					{
						"time": 0.3333,
						"x": -0.79,
						"y": -1.28,
						"curve": [ 0.25, 0, 0.75, 1 ]
					},
					{
						"time": 0.5333,
						"x": 0,
						"y": 0,
						"curve": [ 0.25, 0, 0.75, 1 ]
					},
					{
						"time": 0.7333,
						"x": -0.79,
						"y": -1.28,
						"curve": [ 0.265, 0, 0.618, 0.43 ]
					},
					{
						"time": 0.8,
						"x": -0.56,
						"y": -0.92,
						"curve": [ 0.351, 0.4, 0.757, 1 ]
					},
					{
						"time": 0.9333,
						"x": 0,
						"y": 0,
						"curve": [ 0.25, 0, 0.75, 1 ]
					},
					{
						"time": 1.1333,
						"x": -0.79,
						"y": -1.28,
						"curve": [ 0.25, 0, 0.75, 1 ]
					},
					{
						"time": 1.3333,
						"x": 0,
						"y": 0,
						"curve": [ 0.25, 0, 0.75, 1 ]
					},
					{
						"time": 1.5333,
						"x": -0.79,
						"y": -1.28,
						"curve": [ 0.265, 0, 0.618, 0.43 ]
					},
					{
						"time": 1.6,
						"x": -0.56,
						"y": -0.92,
						"curve": [ 0.351, 0.4, 0.757, 1 ]
					},
					{
						"time": 1.7333,
						"x": 0,
						"y": 0,
						"curve": [ 0.25, 0, 0.75, 1 ]
					},
					{
						"time": 1.9333,
						"x": -0.79,
						"y": -1.28,
						"curve": [ 0.25, 0, 0.75, 1 ]
					},
					{
						"time": 2.1333,
						"x": 0,
						"y": 0,
						"curve": [ 0.25, 0, 0.75, 1 ]
					},
					{
						"time": 2.3333,
						"x": -0.79,
						"y": -1.28,
						"curve": [ 0.265, 0, 0.618, 0.43 ]
					},
					{
						"time": 2.4,
						"x": -0.56,
						"y": -0.92,
						"curve": [ 0.351, 0.4, 0.757, 1 ]
					},
					{
						"time": 2.5,
						"x": 0,
						"y": 0,
						"curve": [ 0.25, 0, 0.75, 1 ]
					},
					{
						"time": 2.6333,
						"x": -0.79,
						"y": -1.28,
						"curve": [ 0.25, 0, 0.75, 1 ]
					},
					{
						"time": 2.8,
						"x": 0,
						"y": 0,
						"curve": [ 0.25, 0, 0.75, 1 ]
					},
					{
						"time": 2.9333,
						"x": -0.79,
						"y": -1.28,
						"curve": [ 0.265, 0, 0.618, 0.43 ]
					},
					{
						"time": 3,
						"x": -0.56,
						"y": -0.92,
						"curve": [ 0.351, 0.4, 0.757, 1 ]
					},
					{
						"time": 3.1,
						"x": 0,
						"y": 0,
						"curve": [ 0.25, 0, 0.75, 1 ]
					},
					{
						"time": 3.2333,
						"x": -0.79,
						"y": -1.28,
						"curve": [ 0.25, 0, 0.75, 1 ]
					},
					{
						"time": 3.3667,
						"x": 0,
						"y": 0,
						"curve": [ 0.25, 0, 0.75, 1 ]
					},
					{
						"time": 3.5333,
						"x": -0.79,
						"y": -1.28,
						"curve": [ 0.265, 0, 0.618, 0.43 ]
					},
					{
						"time": 3.5667,
						"x": -0.56,
						"y": -0.92,
						"curve": [ 0.351, 0.4, 0.757, 1 ]
					},
					{
						"time": 3.6667,
						"x": 0,
						"y": 0,
						"curve": [ 0.25, 0, 0.75, 1 ]
					},
					{
						"time": 3.8333,
						"x": -0.79,
						"y": -1.28,
						"curve": [ 0.25, 0, 0.75, 1 ]
					},
					{
						"time": 3.9667,
						"x": 0,
						"y": 0,
						"curve": [ 0.25, 0, 0.75, 1 ]
					},
					{
						"time": 4.1,
						"x": -0.79,
						"y": -1.28,
						"curve": [ 0.265, 0, 0.618, 0.43 ]
					},
					{ "time": 4.1667, "x": -0.56, "y": -0.92 }
				],
				"scale": [
					{
						"time": 0,
						"x": 1.014,
						"y": 1.014,
						"curve": [ 0.351, 0.4, 0.757, 1 ]
					},
					{
						"time": 0.1333,
						"x": 1.05,
						"y": 1.05,
						"curve": [ 0.25, 0, 0.75, 1 ]
					},
					{
						"time": 0.3333,
						"x": 1,
						"y": 1,
						"curve": [ 0.25, 0, 0.75, 1 ]
					},
					{
						"time": 0.5333,
						"x": 1.05,
						"y": 1.05,
						"curve": [ 0.25, 0, 0.75, 1 ]
					},
					{
						"time": 0.7333,
						"x": 1,
						"y": 1,
						"curve": [ 0.265, 0, 0.618, 0.43 ]
					},
					{
						"time": 0.8,
						"x": 1.014,
						"y": 1.014,
						"curve": [ 0.351, 0.4, 0.757, 1 ]
					},
					{
						"time": 0.9333,
						"x": 1.05,
						"y": 1.05,
						"curve": [ 0.25, 0, 0.75, 1 ]
					},
					{
						"time": 1.1333,
						"x": 1,
						"y": 1,
						"curve": [ 0.25, 0, 0.75, 1 ]
					},
					{
						"time": 1.3333,
						"x": 1.05,
						"y": 1.05,
						"curve": [ 0.25, 0, 0.75, 1 ]
					},
					{
						"time": 1.5333,
						"x": 1,
						"y": 1,
						"curve": [ 0.265, 0, 0.618, 0.43 ]
					},
					{
						"time": 1.6,
						"x": 1.014,
						"y": 1.014,
						"curve": [ 0.351, 0.4, 0.757, 1 ]
					},
					{
						"time": 1.7333,
						"x": 1.05,
						"y": 1.05,
						"curve": [ 0.25, 0, 0.75, 1 ]
					},
					{
						"time": 1.9333,
						"x": 1,
						"y": 1,
						"curve": [ 0.25, 0, 0.75, 1 ]
					},
					{
						"time": 2.1333,
						"x": 1.05,
						"y": 1.05,
						"curve": [ 0.25, 0, 0.75, 1 ]
					},
					{
						"time": 2.3333,
						"x": 1,
						"y": 1,
						"curve": [ 0.265, 0, 0.618, 0.43 ]
					},
					{
						"time": 2.4,
						"x": 1.014,
						"y": 1.014,
						"curve": [ 0.351, 0.4, 0.757, 1 ]
					},
					{
						"time": 2.5,
						"x": 1.05,
						"y": 1.05,
						"curve": [ 0.25, 0, 0.75, 1 ]
					},
					{
						"time": 2.6333,
						"x": 1,
						"y": 1,
						"curve": [ 0.25, 0, 0.75, 1 ]
					},
					{
						"time": 2.8,
						"x": 1.05,
						"y": 1.05,
						"curve": [ 0.25, 0, 0.75, 1 ]
					},
					{
						"time": 2.9333,
						"x": 1,
						"y": 1,
						"curve": [ 0.265, 0, 0.618, 0.43 ]
					},
					{
						"time": 3,
						"x": 1.014,
						"y": 1.014,
						"curve": [ 0.351, 0.4, 0.757, 1 ]
					},
					{
						"time": 3.1,
						"x": 1.05,
						"y": 1.05,
						"curve": [ 0.25, 0, 0.75, 1 ]
					},
					{
						"time": 3.2333,
						"x": 1,
						"y": 1,
						"curve": [ 0.25, 0, 0.75, 1 ]
					},
					{
						"time": 3.3667,
						"x": 1.05,
						"y": 1.05,
						"curve": [ 0.25, 0, 0.75, 1 ]
					},
					{
						"time": 3.5333,
						"x": 1,
						"y": 1,
						"curve": [ 0.265, 0, 0.618, 0.43 ]
					},
					{
						"time": 3.5667,
						"x": 1.014,
						"y": 1.014,
						"curve": [ 0.351, 0.4, 0.757, 1 ]
					},
					{
						"time": 3.6667,
						"x": 1.05,
						"y": 1.05,
						"curve": [ 0.25, 0, 0.75, 1 ]
					},
					{
						"time": 3.8333,
						"x": 1,
						"y": 1,
						"curve": [ 0.25, 0, 0.75, 1 ]
					},
					{
						"time": 3.9667,
						"x": 1.05,
						"y": 1.05,
						"curve": [ 0.25, 0, 0.75, 1 ]
					},
					{
						"time": 4.1,
						"x": 1,
						"y": 1,
						"curve": [ 0.265, 0, 0.618, 0.43 ]
					},
					{ "time": 4.1667, "x": 1.014, "y": 1.014 }
				]
			},
			"h_9": {
				"translate": [
					{
						"time": 0,
						"x": -1.85,
						"y": -0.91,
						"curve": [ 0.25, 0, 0.75, 1 ]
					},
					{
						"time": 0.2,
						"x": 0,
						"y": 0,
						"curve": [ 0.25, 0, 0.75, 1 ]
					},
					{
						"time": 0.4,
						"x": -1.85,
						"y": -0.91,
						"curve": [ 0.25, 0, 0.75, 1 ]
					},
					{
						"time": 0.6,
						"x": 0,
						"y": 0,
						"curve": [ 0.25, 0, 0.75, 1 ]
					},
					{
						"time": 0.8,
						"x": -1.85,
						"y": -0.91,
						"curve": [ 0.25, 0, 0.75, 1 ]
					},
					{
						"time": 1,
						"x": 0,
						"y": 0,
						"curve": [ 0.25, 0, 0.75, 1 ]
					},
					{
						"time": 1.2,
						"x": -1.85,
						"y": -0.91,
						"curve": [ 0.25, 0, 0.75, 1 ]
					},
					{
						"time": 1.4,
						"x": 0,
						"y": 0,
						"curve": [ 0.25, 0, 0.75, 1 ]
					},
					{
						"time": 1.6,
						"x": -1.85,
						"y": -0.91,
						"curve": [ 0.25, 0, 0.75, 1 ]
					},
					{
						"time": 1.8,
						"x": 0,
						"y": 0,
						"curve": [ 0.25, 0, 0.75, 1 ]
					},
					{
						"time": 2,
						"x": -1.85,
						"y": -0.91,
						"curve": [ 0.25, 0, 0.75, 1 ]
					},
					{
						"time": 2.2,
						"x": 0,
						"y": 0,
						"curve": [ 0.25, 0, 0.75, 1 ]
					},
					{
						"time": 2.4,
						"x": -1.85,
						"y": -0.91,
						"curve": [ 0.25, 0, 0.75, 1 ]
					},
					{
						"time": 2.5333,
						"x": 0,
						"y": 0,
						"curve": [ 0.25, 0, 0.75, 1 ]
					},
					{
						"time": 2.7,
						"x": -1.85,
						"y": -0.91,
						"curve": [ 0.25, 0, 0.75, 1 ]
					},
					{
						"time": 2.8333,
						"x": 0,
						"y": 0,
						"curve": [ 0.25, 0, 0.75, 1 ]
					},
					{
						"time": 3,
						"x": -1.85,
						"y": -0.91,
						"curve": [ 0.25, 0, 0.75, 1 ]
					},
					{
						"time": 3.1333,
						"x": 0,
						"y": 0,
						"curve": [ 0.25, 0, 0.75, 1 ]
					},
					{
						"time": 3.2667,
						"x": -1.85,
						"y": -0.91,
						"curve": [ 0.25, 0, 0.75, 1 ]
					},
					{
						"time": 3.4333,
						"x": 0,
						"y": 0,
						"curve": [ 0.25, 0, 0.75, 1 ]
					},
					{
						"time": 3.5667,
						"x": -1.85,
						"y": -0.91,
						"curve": [ 0.25, 0, 0.75, 1 ]
					},
					{
						"time": 3.7333,
						"x": 0,
						"y": 0,
						"curve": [ 0.25, 0, 0.75, 1 ]
					},
					{
						"time": 3.8667,
						"x": -1.85,
						"y": -0.91,
						"curve": [ 0.25, 0, 0.75, 1 ]
					},
					{
						"time": 4,
						"x": 0,
						"y": 0,
						"curve": [ 0.25, 0, 0.75, 1 ]
					},
					{ "time": 4.1667, "x": -1.85, "y": -0.91 }
				],
				"scale": [
					{
						"time": 0,
						"x": 1,
						"y": 1,
						"curve": [ 0.25, 0, 0.75, 1 ]
					},
					{
						"time": 0.2,
						"x": 1.05,
						"y": 1.05,
						"curve": [ 0.25, 0, 0.75, 1 ]
					},
					{
						"time": 0.4,
						"x": 1,
						"y": 1,
						"curve": [ 0.25, 0, 0.75, 1 ]
					},
					{
						"time": 0.6,
						"x": 1.05,
						"y": 1.05,
						"curve": [ 0.25, 0, 0.75, 1 ]
					},
					{
						"time": 0.8,
						"x": 1,
						"y": 1,
						"curve": [ 0.25, 0, 0.75, 1 ]
					},
					{
						"time": 1,
						"x": 1.05,
						"y": 1.05,
						"curve": [ 0.25, 0, 0.75, 1 ]
					},
					{
						"time": 1.2,
						"x": 1,
						"y": 1,
						"curve": [ 0.25, 0, 0.75, 1 ]
					},
					{
						"time": 1.4,
						"x": 1.05,
						"y": 1.05,
						"curve": [ 0.25, 0, 0.75, 1 ]
					},
					{
						"time": 1.6,
						"x": 1,
						"y": 1,
						"curve": [ 0.25, 0, 0.75, 1 ]
					},
					{
						"time": 1.8,
						"x": 1.05,
						"y": 1.05,
						"curve": [ 0.25, 0, 0.75, 1 ]
					},
					{
						"time": 2,
						"x": 1,
						"y": 1,
						"curve": [ 0.25, 0, 0.75, 1 ]
					},
					{
						"time": 2.2,
						"x": 1.05,
						"y": 1.05,
						"curve": [ 0.25, 0, 0.75, 1 ]
					},
					{
						"time": 2.4,
						"x": 1,
						"y": 1,
						"curve": [ 0.25, 0, 0.75, 1 ]
					},
					{
						"time": 2.5333,
						"x": 1.05,
						"y": 1.05,
						"curve": [ 0.25, 0, 0.75, 1 ]
					},
					{
						"time": 2.7,
						"x": 1,
						"y": 1,
						"curve": [ 0.25, 0, 0.75, 1 ]
					},
					{
						"time": 2.8333,
						"x": 1.05,
						"y": 1.05,
						"curve": [ 0.25, 0, 0.75, 1 ]
					},
					{
						"time": 3,
						"x": 1,
						"y": 1,
						"curve": [ 0.25, 0, 0.75, 1 ]
					},
					{
						"time": 3.1333,
						"x": 1.05,
						"y": 1.05,
						"curve": [ 0.25, 0, 0.75, 1 ]
					},
					{
						"time": 3.2667,
						"x": 1,
						"y": 1,
						"curve": [ 0.25, 0, 0.75, 1 ]
					},
					{
						"time": 3.4333,
						"x": 1.05,
						"y": 1.05,
						"curve": [ 0.25, 0, 0.75, 1 ]
					},
					{
						"time": 3.5667,
						"x": 1,
						"y": 1,
						"curve": [ 0.25, 0, 0.75, 1 ]
					},
					{
						"time": 3.7333,
						"x": 1.05,
						"y": 1.05,
						"curve": [ 0.25, 0, 0.75, 1 ]
					},
					{
						"time": 3.8667,
						"x": 1,
						"y": 1,
						"curve": [ 0.25, 0, 0.75, 1 ]
					},
					{
						"time": 4,
						"x": 1.05,
						"y": 1.05,
						"curve": [ 0.25, 0, 0.75, 1 ]
					},
					{ "time": 4.1667, "x": 1, "y": 1 }
				]
			},
			"h_10": {
				"translate": [
					{
						"time": 0,
						"x": -1.11,
						"y": -0.02,
						"curve": [ 0.382, 0.57, 0.735, 1 ]
					},
					{
						"time": 0.0667,
						"x": -1.55,
						"y": -0.02,
						"curve": [ 0.25, 0, 0.75, 1 ]
					},
					{
						"time": 0.2667,
						"x": 0,
						"y": 0,
						"curve": [ 0.25, 0, 0.75, 1 ]
					},
					{
						"time": 0.4667,
						"x": -1.55,
						"y": -0.02,
						"curve": [ 0.25, 0, 0.75, 1 ]
					},
					{
						"time": 0.6667,
						"x": 0,
						"y": 0,
						"curve": [ 0.243, 0, 0.649, 0.6 ]
					},
					{
						"time": 0.8,
						"x": -1.11,
						"y": -0.02,
						"curve": [ 0.382, 0.57, 0.735, 1 ]
					},
					{
						"time": 0.8667,
						"x": -1.55,
						"y": -0.02,
						"curve": [ 0.25, 0, 0.75, 1 ]
					},
					{
						"time": 1.0667,
						"x": 0,
						"y": 0,
						"curve": [ 0.25, 0, 0.75, 1 ]
					},
					{
						"time": 1.2667,
						"x": -1.55,
						"y": -0.02,
						"curve": [ 0.25, 0, 0.75, 1 ]
					},
					{
						"time": 1.4667,
						"x": 0,
						"y": 0,
						"curve": [ 0.243, 0, 0.649, 0.6 ]
					},
					{
						"time": 1.6,
						"x": -1.11,
						"y": -0.02,
						"curve": [ 0.382, 0.57, 0.735, 1 ]
					},
					{
						"time": 1.6667,
						"x": -1.55,
						"y": -0.02,
						"curve": [ 0.25, 0, 0.75, 1 ]
					},
					{
						"time": 1.8667,
						"x": 0,
						"y": 0,
						"curve": [ 0.25, 0, 0.75, 1 ]
					},
					{
						"time": 2.0667,
						"x": -1.55,
						"y": -0.02,
						"curve": [ 0.25, 0, 0.75, 1 ]
					},
					{
						"time": 2.2667,
						"x": 0,
						"y": 0,
						"curve": [ 0.243, 0, 0.649, 0.6 ]
					},
					{
						"time": 2.4,
						"x": -1.11,
						"y": -0.02,
						"curve": [ 0.382, 0.57, 0.735, 1 ]
					},
					{
						"time": 2.4333,
						"x": -1.55,
						"y": -0.02,
						"curve": [ 0.25, 0, 0.75, 1 ]
					},
					{
						"time": 2.6,
						"x": 0,
						"y": 0,
						"curve": [ 0.25, 0, 0.75, 1 ]
					},
					{
						"time": 2.7333,
						"x": -1.55,
						"y": -0.02,
						"curve": [ 0.25, 0, 0.75, 1 ]
					},
					{
						"time": 2.9,
						"x": 0,
						"y": 0,
						"curve": [ 0.243, 0, 0.649, 0.6 ]
					},
					{
						"time": 3,
						"x": -1.11,
						"y": -0.02,
						"curve": [ 0.382, 0.57, 0.735, 1 ]
					},
					{
						"time": 3.0333,
						"x": -1.55,
						"y": -0.02,
						"curve": [ 0.25, 0, 0.75, 1 ]
					},
					{
						"time": 3.1667,
						"x": 0,
						"y": 0,
						"curve": [ 0.25, 0, 0.75, 1 ]
					},
					{
						"time": 3.3333,
						"x": -1.55,
						"y": -0.02,
						"curve": [ 0.25, 0, 0.75, 1 ]
					},
					{
						"time": 3.4667,
						"x": 0,
						"y": 0,
						"curve": [ 0.243, 0, 0.649, 0.6 ]
					},
					{
						"time": 3.5667,
						"x": -1.11,
						"y": -0.02,
						"curve": [ 0.382, 0.57, 0.735, 1 ]
					},
					{
						"time": 3.6333,
						"x": -1.55,
						"y": -0.02,
						"curve": [ 0.25, 0, 0.75, 1 ]
					},
					{
						"time": 3.7667,
						"x": 0,
						"y": 0,
						"curve": [ 0.25, 0, 0.75, 1 ]
					},
					{
						"time": 3.9,
						"x": -1.55,
						"y": -0.02,
						"curve": [ 0.25, 0, 0.75, 1 ]
					},
					{
						"time": 4.0667,
						"x": 0,
						"y": 0,
						"curve": [ 0.243, 0, 0.649, 0.6 ]
					},
					{ "time": 4.1667, "x": -1.11, "y": -0.02 }
				],
				"scale": [
					{
						"time": 0,
						"x": 1.014,
						"y": 1.014,
						"curve": [ 0.382, 0.57, 0.735, 1 ]
					},
					{
						"time": 0.0667,
						"x": 1,
						"y": 1,
						"curve": [ 0.25, 0, 0.75, 1 ]
					},
					{
						"time": 0.2667,
						"x": 1.05,
						"y": 1.05,
						"curve": [ 0.25, 0, 0.75, 1 ]
					},
					{
						"time": 0.4667,
						"x": 1,
						"y": 1,
						"curve": [ 0.25, 0, 0.75, 1 ]
					},
					{
						"time": 0.6667,
						"x": 1.05,
						"y": 1.05,
						"curve": [ 0.243, 0, 0.649, 0.6 ]
					},
					{
						"time": 0.8,
						"x": 1.014,
						"y": 1.014,
						"curve": [ 0.382, 0.57, 0.735, 1 ]
					},
					{
						"time": 0.8667,
						"x": 1,
						"y": 1,
						"curve": [ 0.25, 0, 0.75, 1 ]
					},
					{
						"time": 1.0667,
						"x": 1.05,
						"y": 1.05,
						"curve": [ 0.25, 0, 0.75, 1 ]
					},
					{
						"time": 1.2667,
						"x": 1,
						"y": 1,
						"curve": [ 0.25, 0, 0.75, 1 ]
					},
					{
						"time": 1.4667,
						"x": 1.05,
						"y": 1.05,
						"curve": [ 0.243, 0, 0.649, 0.6 ]
					},
					{
						"time": 1.6,
						"x": 1.014,
						"y": 1.014,
						"curve": [ 0.382, 0.57, 0.735, 1 ]
					},
					{
						"time": 1.6667,
						"x": 1,
						"y": 1,
						"curve": [ 0.25, 0, 0.75, 1 ]
					},
					{
						"time": 1.8667,
						"x": 1.05,
						"y": 1.05,
						"curve": [ 0.25, 0, 0.75, 1 ]
					},
					{
						"time": 2.0667,
						"x": 1,
						"y": 1,
						"curve": [ 0.25, 0, 0.75, 1 ]
					},
					{
						"time": 2.2667,
						"x": 1.05,
						"y": 1.05,
						"curve": [ 0.243, 0, 0.649, 0.6 ]
					},
					{
						"time": 2.4,
						"x": 1.014,
						"y": 1.014,
						"curve": [ 0.382, 0.57, 0.735, 1 ]
					},
					{
						"time": 2.4333,
						"x": 1,
						"y": 1,
						"curve": [ 0.25, 0, 0.75, 1 ]
					},
					{
						"time": 2.6,
						"x": 1.05,
						"y": 1.05,
						"curve": [ 0.25, 0, 0.75, 1 ]
					},
					{
						"time": 2.7333,
						"x": 1,
						"y": 1,
						"curve": [ 0.25, 0, 0.75, 1 ]
					},
					{
						"time": 2.9,
						"x": 1.05,
						"y": 1.05,
						"curve": [ 0.243, 0, 0.649, 0.6 ]
					},
					{
						"time": 3,
						"x": 1.014,
						"y": 1.014,
						"curve": [ 0.382, 0.57, 0.735, 1 ]
					},
					{
						"time": 3.0333,
						"x": 1,
						"y": 1,
						"curve": [ 0.25, 0, 0.75, 1 ]
					},
					{
						"time": 3.1667,
						"x": 1.05,
						"y": 1.05,
						"curve": [ 0.25, 0, 0.75, 1 ]
					},
					{
						"time": 3.3333,
						"x": 1,
						"y": 1,
						"curve": [ 0.25, 0, 0.75, 1 ]
					},
					{
						"time": 3.4667,
						"x": 1.05,
						"y": 1.05,
						"curve": [ 0.243, 0, 0.649, 0.6 ]
					},
					{
						"time": 3.5667,
						"x": 1.014,
						"y": 1.014,
						"curve": [ 0.382, 0.57, 0.735, 1 ]
					},
					{
						"time": 3.6333,
						"x": 1,
						"y": 1,
						"curve": [ 0.25, 0, 0.75, 1 ]
					},
					{
						"time": 3.7667,
						"x": 1.05,
						"y": 1.05,
						"curve": [ 0.25, 0, 0.75, 1 ]
					},
					{
						"time": 3.9,
						"x": 1,
						"y": 1,
						"curve": [ 0.25, 0, 0.75, 1 ]
					},
					{
						"time": 4.0667,
						"x": 1.05,
						"y": 1.05,
						"curve": [ 0.243, 0, 0.649, 0.6 ]
					},
					{ "time": 4.1667, "x": 1.014, "y": 1.014 }
				]
			},
			"h_1": {
				"translate": [
					{
						"time": 0,
						"x": -2.21,
						"y": -0.03,
						"curve": [ 0.382, 0.57, 0.735, 1 ]
					},
					{
						"time": 0.0667,
						"x": -3.08,
						"y": -0.05,
						"curve": [ 0.25, 0, 0.75, 1 ]
					},
					{
						"time": 0.2667,
						"x": 0,
						"y": 0,
						"curve": [ 0.25, 0, 0.75, 1 ]
					},
					{
						"time": 0.4667,
						"x": -3.08,
						"y": -0.05,
						"curve": [ 0.25, 0, 0.75, 1 ]
					},
					{
						"time": 0.6667,
						"x": 0,
						"y": 0,
						"curve": [ 0.243, 0, 0.649, 0.6 ]
					},
					{
						"time": 0.8,
						"x": -2.21,
						"y": -0.03,
						"curve": [ 0.382, 0.57, 0.735, 1 ]
					},
					{
						"time": 0.8667,
						"x": -3.08,
						"y": -0.05,
						"curve": [ 0.25, 0, 0.75, 1 ]
					},
					{
						"time": 1.0667,
						"x": 0,
						"y": 0,
						"curve": [ 0.25, 0, 0.75, 1 ]
					},
					{
						"time": 1.2667,
						"x": -3.08,
						"y": -0.05,
						"curve": [ 0.25, 0, 0.75, 1 ]
					},
					{
						"time": 1.4667,
						"x": 0,
						"y": 0,
						"curve": [ 0.243, 0, 0.649, 0.6 ]
					},
					{
						"time": 1.6,
						"x": -2.21,
						"y": -0.03,
						"curve": [ 0.382, 0.57, 0.735, 1 ]
					},
					{
						"time": 1.6667,
						"x": -3.08,
						"y": -0.05,
						"curve": [ 0.25, 0, 0.75, 1 ]
					},
					{
						"time": 1.8667,
						"x": 0,
						"y": 0,
						"curve": [ 0.25, 0, 0.75, 1 ]
					},
					{
						"time": 2.0667,
						"x": -3.08,
						"y": -0.05,
						"curve": [ 0.25, 0, 0.75, 1 ]
					},
					{
						"time": 2.2667,
						"x": 0,
						"y": 0,
						"curve": [ 0.243, 0, 0.649, 0.6 ]
					},
					{
						"time": 2.4,
						"x": -2.21,
						"y": -0.03,
						"curve": [ 0.382, 0.57, 0.735, 1 ]
					},
					{
						"time": 2.4333,
						"x": -3.08,
						"y": -0.05,
						"curve": [ 0.25, 0, 0.75, 1 ]
					},
					{
						"time": 2.6,
						"x": 0,
						"y": 0,
						"curve": [ 0.25, 0, 0.75, 1 ]
					},
					{
						"time": 2.7333,
						"x": -3.08,
						"y": -0.05,
						"curve": [ 0.25, 0, 0.75, 1 ]
					},
					{
						"time": 2.9,
						"x": 0,
						"y": 0,
						"curve": [ 0.243, 0, 0.649, 0.6 ]
					},
					{
						"time": 3,
						"x": -2.21,
						"y": -0.03,
						"curve": [ 0.382, 0.57, 0.735, 1 ]
					},
					{
						"time": 3.0333,
						"x": -3.08,
						"y": -0.05,
						"curve": [ 0.25, 0, 0.75, 1 ]
					},
					{
						"time": 3.1667,
						"x": 0,
						"y": 0,
						"curve": [ 0.25, 0, 0.75, 1 ]
					},
					{
						"time": 3.3333,
						"x": -3.08,
						"y": -0.05,
						"curve": [ 0.25, 0, 0.75, 1 ]
					},
					{
						"time": 3.4667,
						"x": 0,
						"y": 0,
						"curve": [ 0.243, 0, 0.649, 0.6 ]
					},
					{
						"time": 3.5667,
						"x": -2.21,
						"y": -0.03,
						"curve": [ 0.382, 0.57, 0.735, 1 ]
					},
					{
						"time": 3.6333,
						"x": -3.08,
						"y": -0.05,
						"curve": [ 0.25, 0, 0.75, 1 ]
					},
					{
						"time": 3.7667,
						"x": 0,
						"y": 0,
						"curve": [ 0.25, 0, 0.75, 1 ]
					},
					{
						"time": 3.9,
						"x": -3.08,
						"y": -0.05,
						"curve": [ 0.25, 0, 0.75, 1 ]
					},
					{
						"time": 4.0667,
						"x": 0,
						"y": 0,
						"curve": [ 0.243, 0, 0.649, 0.6 ]
					},
					{ "time": 4.1667, "x": -2.21, "y": -0.03 }
				],
				"scale": [
					{ "time": 0, "x": 1.05, "y": 1 }
				]
			},
			"h_2": {
				"translate": [
					{
						"time": 0,
						"x": -1.84,
						"y": -0.91,
						"curve": [ 0.25, 0, 0.75, 1 ]
					},
					{
						"time": 0.2,
						"x": 0,
						"y": 0,
						"curve": [ 0.25, 0, 0.75, 1 ]
					},
					{
						"time": 0.4,
						"x": -1.84,
						"y": -0.91,
						"curve": [ 0.25, 0, 0.75, 1 ]
					},
					{
						"time": 0.6,
						"x": 0,
						"y": 0,
						"curve": [ 0.25, 0, 0.75, 1 ]
					},
					{
						"time": 0.8,
						"x": -1.84,
						"y": -0.91,
						"curve": [ 0.25, 0, 0.75, 1 ]
					},
					{
						"time": 1,
						"x": 0,
						"y": 0,
						"curve": [ 0.25, 0, 0.75, 1 ]
					},
					{
						"time": 1.2,
						"x": -1.84,
						"y": -0.91,
						"curve": [ 0.25, 0, 0.75, 1 ]
					},
					{
						"time": 1.4,
						"x": 0,
						"y": 0,
						"curve": [ 0.25, 0, 0.75, 1 ]
					},
					{
						"time": 1.6,
						"x": -1.84,
						"y": -0.91,
						"curve": [ 0.25, 0, 0.75, 1 ]
					},
					{
						"time": 1.8,
						"x": 0,
						"y": 0,
						"curve": [ 0.25, 0, 0.75, 1 ]
					},
					{
						"time": 2,
						"x": -1.84,
						"y": -0.91,
						"curve": [ 0.25, 0, 0.75, 1 ]
					},
					{
						"time": 2.2,
						"x": 0,
						"y": 0,
						"curve": [ 0.25, 0, 0.75, 1 ]
					},
					{
						"time": 2.4,
						"x": -1.84,
						"y": -0.91,
						"curve": [ 0.25, 0, 0.75, 1 ]
					},
					{
						"time": 2.5333,
						"x": 0,
						"y": 0,
						"curve": [ 0.25, 0, 0.75, 1 ]
					},
					{
						"time": 2.7,
						"x": -1.84,
						"y": -0.91,
						"curve": [ 0.25, 0, 0.75, 1 ]
					},
					{
						"time": 2.8333,
						"x": 0,
						"y": 0,
						"curve": [ 0.25, 0, 0.75, 1 ]
					},
					{
						"time": 3,
						"x": -1.84,
						"y": -0.91,
						"curve": [ 0.25, 0, 0.75, 1 ]
					},
					{
						"time": 3.1333,
						"x": 0,
						"y": 0,
						"curve": [ 0.25, 0, 0.75, 1 ]
					},
					{
						"time": 3.2667,
						"x": -1.84,
						"y": -0.91,
						"curve": [ 0.25, 0, 0.75, 1 ]
					},
					{
						"time": 3.4333,
						"x": 0,
						"y": 0,
						"curve": [ 0.25, 0, 0.75, 1 ]
					},
					{
						"time": 3.5667,
						"x": -1.84,
						"y": -0.91,
						"curve": [ 0.25, 0, 0.75, 1 ]
					},
					{
						"time": 3.7333,
						"x": 0,
						"y": 0,
						"curve": [ 0.25, 0, 0.75, 1 ]
					},
					{
						"time": 3.8667,
						"x": -1.84,
						"y": -0.91,
						"curve": [ 0.25, 0, 0.75, 1 ]
					},
					{
						"time": 4,
						"x": 0,
						"y": 0,
						"curve": [ 0.25, 0, 0.75, 1 ]
					},
					{ "time": 4.1667, "x": -1.84, "y": -0.91 }
				],
				"scale": [
					{ "time": 0, "x": 1.05, "y": 1 }
				]
			},
			"h_3": {
				"translate": [
					{
						"time": 0,
						"x": -1.7,
						"y": -0.77,
						"curve": [ 0.351, 0.4, 0.757, 1 ]
					},
					{
						"time": 0.1333,
						"x": 0,
						"y": 0,
						"curve": [ 0.25, 0, 0.75, 1 ]
					},
					{
						"time": 0.3333,
						"x": -2.37,
						"y": -1.08,
						"curve": [ 0.25, 0, 0.75, 1 ]
					},
					{
						"time": 0.5333,
						"x": 0,
						"y": 0,
						"curve": [ 0.25, 0, 0.75, 1 ]
					},
					{
						"time": 0.7333,
						"x": -2.37,
						"y": -1.08,
						"curve": [ 0.265, 0, 0.618, 0.43 ]
					},
					{
						"time": 0.8,
						"x": -1.7,
						"y": -0.77,
						"curve": [ 0.351, 0.4, 0.757, 1 ]
					},
					{
						"time": 0.9333,
						"x": 0,
						"y": 0,
						"curve": [ 0.25, 0, 0.75, 1 ]
					},
					{
						"time": 1.1333,
						"x": -2.37,
						"y": -1.08,
						"curve": [ 0.25, 0, 0.75, 1 ]
					},
					{
						"time": 1.3333,
						"x": 0,
						"y": 0,
						"curve": [ 0.25, 0, 0.75, 1 ]
					},
					{
						"time": 1.5333,
						"x": -2.37,
						"y": -1.08,
						"curve": [ 0.265, 0, 0.618, 0.43 ]
					},
					{
						"time": 1.6,
						"x": -1.7,
						"y": -0.77,
						"curve": [ 0.351, 0.4, 0.757, 1 ]
					},
					{
						"time": 1.7333,
						"x": 0,
						"y": 0,
						"curve": [ 0.25, 0, 0.75, 1 ]
					},
					{
						"time": 1.9333,
						"x": -2.37,
						"y": -1.08,
						"curve": [ 0.25, 0, 0.75, 1 ]
					},
					{
						"time": 2.1333,
						"x": 0,
						"y": 0,
						"curve": [ 0.25, 0, 0.75, 1 ]
					},
					{
						"time": 2.3333,
						"x": -2.37,
						"y": -1.08,
						"curve": [ 0.265, 0, 0.618, 0.43 ]
					},
					{
						"time": 2.4,
						"x": -1.7,
						"y": -0.77,
						"curve": [ 0.351, 0.4, 0.757, 1 ]
					},
					{
						"time": 2.5,
						"x": 0,
						"y": 0,
						"curve": [ 0.25, 0, 0.75, 1 ]
					},
					{
						"time": 2.6333,
						"x": -2.37,
						"y": -1.08,
						"curve": [ 0.25, 0, 0.75, 1 ]
					},
					{
						"time": 2.8,
						"x": 0,
						"y": 0,
						"curve": [ 0.25, 0, 0.75, 1 ]
					},
					{
						"time": 2.9333,
						"x": -2.37,
						"y": -1.08,
						"curve": [ 0.265, 0, 0.618, 0.43 ]
					},
					{
						"time": 3,
						"x": -1.7,
						"y": -0.77,
						"curve": [ 0.351, 0.4, 0.757, 1 ]
					},
					{
						"time": 3.1,
						"x": 0,
						"y": 0,
						"curve": [ 0.25, 0, 0.75, 1 ]
					},
					{
						"time": 3.2333,
						"x": -2.37,
						"y": -1.08,
						"curve": [ 0.25, 0, 0.75, 1 ]
					},
					{
						"time": 3.3667,
						"x": 0,
						"y": 0,
						"curve": [ 0.25, 0, 0.75, 1 ]
					},
					{
						"time": 3.5333,
						"x": -2.37,
						"y": -1.08,
						"curve": [ 0.265, 0, 0.618, 0.43 ]
					},
					{
						"time": 3.5667,
						"x": -1.7,
						"y": -0.77,
						"curve": [ 0.351, 0.4, 0.757, 1 ]
					},
					{
						"time": 3.6667,
						"x": 0,
						"y": 0,
						"curve": [ 0.25, 0, 0.75, 1 ]
					},
					{
						"time": 3.8333,
						"x": -2.37,
						"y": -1.08,
						"curve": [ 0.25, 0, 0.75, 1 ]
					},
					{
						"time": 3.9667,
						"x": 0,
						"y": 0,
						"curve": [ 0.25, 0, 0.75, 1 ]
					},
					{
						"time": 4.1,
						"x": -2.37,
						"y": -1.08,
						"curve": [ 0.265, 0, 0.618, 0.43 ]
					},
					{ "time": 4.1667, "x": -1.7, "y": -0.77 }
				],
				"scale": [
					{
						"time": 0,
						"x": 1.014,
						"y": 1.028,
						"curve": [ 0.351, 0.4, 0.757, 1 ]
					},
					{
						"time": 0.1333,
						"x": 1.05,
						"y": 1.1,
						"curve": [ 0.25, 0, 0.75, 1 ]
					},
					{
						"time": 0.3333,
						"x": 1,
						"y": 1,
						"curve": [ 0.25, 0, 0.75, 1 ]
					},
					{
						"time": 0.5333,
						"x": 1.05,
						"y": 1.1,
						"curve": [ 0.25, 0, 0.75, 1 ]
					},
					{
						"time": 0.7333,
						"x": 1,
						"y": 1,
						"curve": [ 0.265, 0, 0.618, 0.43 ]
					},
					{
						"time": 0.8,
						"x": 1.014,
						"y": 1.028,
						"curve": [ 0.351, 0.4, 0.757, 1 ]
					},
					{
						"time": 0.9333,
						"x": 1.05,
						"y": 1.1,
						"curve": [ 0.25, 0, 0.75, 1 ]
					},
					{
						"time": 1.1333,
						"x": 1,
						"y": 1,
						"curve": [ 0.25, 0, 0.75, 1 ]
					},
					{
						"time": 1.3333,
						"x": 1.05,
						"y": 1.1,
						"curve": [ 0.25, 0, 0.75, 1 ]
					},
					{
						"time": 1.5333,
						"x": 1,
						"y": 1,
						"curve": [ 0.265, 0, 0.618, 0.43 ]
					},
					{
						"time": 1.6,
						"x": 1.014,
						"y": 1.028,
						"curve": [ 0.351, 0.4, 0.757, 1 ]
					},
					{
						"time": 1.7333,
						"x": 1.05,
						"y": 1.1,
						"curve": [ 0.25, 0, 0.75, 1 ]
					},
					{
						"time": 1.9333,
						"x": 1,
						"y": 1,
						"curve": [ 0.25, 0, 0.75, 1 ]
					},
					{
						"time": 2.1333,
						"x": 1.05,
						"y": 1.1,
						"curve": [ 0.25, 0, 0.75, 1 ]
					},
					{
						"time": 2.3333,
						"x": 1,
						"y": 1,
						"curve": [ 0.265, 0, 0.618, 0.43 ]
					},
					{
						"time": 2.4,
						"x": 1.014,
						"y": 1.028,
						"curve": [ 0.351, 0.4, 0.757, 1 ]
					},
					{
						"time": 2.5,
						"x": 1.05,
						"y": 1.1,
						"curve": [ 0.25, 0, 0.75, 1 ]
					},
					{
						"time": 2.6333,
						"x": 1,
						"y": 1,
						"curve": [ 0.25, 0, 0.75, 1 ]
					},
					{
						"time": 2.8,
						"x": 1.05,
						"y": 1.1,
						"curve": [ 0.25, 0, 0.75, 1 ]
					},
					{
						"time": 2.9333,
						"x": 1,
						"y": 1,
						"curve": [ 0.265, 0, 0.618, 0.43 ]
					},
					{
						"time": 3,
						"x": 1.014,
						"y": 1.028,
						"curve": [ 0.351, 0.4, 0.757, 1 ]
					},
					{
						"time": 3.1,
						"x": 1.05,
						"y": 1.1,
						"curve": [ 0.25, 0, 0.75, 1 ]
					},
					{
						"time": 3.2333,
						"x": 1,
						"y": 1,
						"curve": [ 0.25, 0, 0.75, 1 ]
					},
					{
						"time": 3.3667,
						"x": 1.05,
						"y": 1.1,
						"curve": [ 0.25, 0, 0.75, 1 ]
					},
					{
						"time": 3.5333,
						"x": 1,
						"y": 1,
						"curve": [ 0.265, 0, 0.618, 0.43 ]
					},
					{
						"time": 3.5667,
						"x": 1.014,
						"y": 1.028,
						"curve": [ 0.351, 0.4, 0.757, 1 ]
					},
					{
						"time": 3.6667,
						"x": 1.05,
						"y": 1.1,
						"curve": [ 0.25, 0, 0.75, 1 ]
					},
					{
						"time": 3.8333,
						"x": 1,
						"y": 1,
						"curve": [ 0.25, 0, 0.75, 1 ]
					},
					{
						"time": 3.9667,
						"x": 1.05,
						"y": 1.1,
						"curve": [ 0.25, 0, 0.75, 1 ]
					},
					{
						"time": 4.1,
						"x": 1,
						"y": 1,
						"curve": [ 0.265, 0, 0.618, 0.43 ]
					},
					{ "time": 4.1667, "x": 1.014, "y": 1.028 }
				]
			},
			"h_4": {
				"translate": [
					{
						"time": 0,
						"x": -0.96,
						"y": -0.16,
						"curve": [ 0.382, 0.57, 0.735, 1 ]
					},
					{
						"time": 0.0667,
						"x": 0,
						"y": 0,
						"curve": [ 0.25, 0, 0.75, 1 ]
					},
					{
						"time": 0.2667,
						"x": -3.37,
						"y": -0.57,
						"curve": [ 0.25, 0, 0.75, 1 ]
					},
					{
						"time": 0.4667,
						"x": 0,
						"y": 0,
						"curve": [ 0.25, 0, 0.75, 1 ]
					},
					{
						"time": 0.6667,
						"x": -3.37,
						"y": -0.57,
						"curve": [ 0.243, 0, 0.649, 0.6 ]
					},
					{
						"time": 0.8,
						"x": -0.96,
						"y": -0.16,
						"curve": [ 0.382, 0.57, 0.735, 1 ]
					},
					{
						"time": 0.8667,
						"x": 0,
						"y": 0,
						"curve": [ 0.25, 0, 0.75, 1 ]
					},
					{
						"time": 1.0667,
						"x": -3.37,
						"y": -0.57,
						"curve": [ 0.25, 0, 0.75, 1 ]
					},
					{
						"time": 1.2667,
						"x": 0,
						"y": 0,
						"curve": [ 0.25, 0, 0.75, 1 ]
					},
					{
						"time": 1.4667,
						"x": -3.37,
						"y": -0.57,
						"curve": [ 0.243, 0, 0.649, 0.6 ]
					},
					{
						"time": 1.6,
						"x": -0.96,
						"y": -0.16,
						"curve": [ 0.382, 0.57, 0.735, 1 ]
					},
					{
						"time": 1.6667,
						"x": 0,
						"y": 0,
						"curve": [ 0.25, 0, 0.75, 1 ]
					},
					{
						"time": 1.8667,
						"x": -3.37,
						"y": -0.57,
						"curve": [ 0.25, 0, 0.75, 1 ]
					},
					{
						"time": 2.0667,
						"x": 0,
						"y": 0,
						"curve": [ 0.25, 0, 0.75, 1 ]
					},
					{
						"time": 2.2667,
						"x": -3.37,
						"y": -0.57,
						"curve": [ 0.243, 0, 0.649, 0.6 ]
					},
					{
						"time": 2.4,
						"x": -0.96,
						"y": -0.16,
						"curve": [ 0.382, 0.57, 0.735, 1 ]
					},
					{
						"time": 2.4333,
						"x": 0,
						"y": 0,
						"curve": [ 0.25, 0, 0.75, 1 ]
					},
					{
						"time": 2.6,
						"x": -3.37,
						"y": -0.57,
						"curve": [ 0.25, 0, 0.75, 1 ]
					},
					{
						"time": 2.7333,
						"x": 0,
						"y": 0,
						"curve": [ 0.25, 0, 0.75, 1 ]
					},
					{
						"time": 2.9,
						"x": -3.37,
						"y": -0.57,
						"curve": [ 0.243, 0, 0.649, 0.6 ]
					},
					{
						"time": 3,
						"x": -0.96,
						"y": -0.16,
						"curve": [ 0.382, 0.57, 0.735, 1 ]
					},
					{
						"time": 3.0333,
						"x": 0,
						"y": 0,
						"curve": [ 0.25, 0, 0.75, 1 ]
					},
					{
						"time": 3.1667,
						"x": -3.37,
						"y": -0.57,
						"curve": [ 0.25, 0, 0.75, 1 ]
					},
					{
						"time": 3.3333,
						"x": 0,
						"y": 0,
						"curve": [ 0.25, 0, 0.75, 1 ]
					},
					{
						"time": 3.4667,
						"x": -3.37,
						"y": -0.57,
						"curve": [ 0.243, 0, 0.649, 0.6 ]
					},
					{
						"time": 3.5667,
						"x": -0.96,
						"y": -0.16,
						"curve": [ 0.382, 0.57, 0.735, 1 ]
					},
					{
						"time": 3.6333,
						"x": 0,
						"y": 0,
						"curve": [ 0.25, 0, 0.75, 1 ]
					},
					{
						"time": 3.7667,
						"x": -3.37,
						"y": -0.57,
						"curve": [ 0.25, 0, 0.75, 1 ]
					},
					{
						"time": 3.9,
						"x": 0,
						"y": 0,
						"curve": [ 0.25, 0, 0.75, 1 ]
					},
					{
						"time": 4.0667,
						"x": -3.37,
						"y": -0.57,
						"curve": [ 0.243, 0, 0.649, 0.6 ]
					},
					{ "time": 4.1667, "x": -0.96, "y": -0.16 }
				],
				"scale": [
					{
						"time": 0,
						"x": 1.036,
						"y": 1.072,
						"curve": [ 0.382, 0.57, 0.735, 1 ]
					},
					{
						"time": 0.0667,
						"x": 1.05,
						"y": 1.1,
						"curve": [ 0.25, 0, 0.75, 1 ]
					},
					{
						"time": 0.2667,
						"x": 1,
						"y": 1,
						"curve": [ 0.25, 0, 0.75, 1 ]
					},
					{
						"time": 0.4667,
						"x": 1.05,
						"y": 1.1,
						"curve": [ 0.25, 0, 0.75, 1 ]
					},
					{
						"time": 0.6667,
						"x": 1,
						"y": 1,
						"curve": [ 0.243, 0, 0.649, 0.6 ]
					},
					{
						"time": 0.8,
						"x": 1.036,
						"y": 1.072,
						"curve": [ 0.382, 0.57, 0.735, 1 ]
					},
					{
						"time": 0.8667,
						"x": 1.05,
						"y": 1.1,
						"curve": [ 0.25, 0, 0.75, 1 ]
					},
					{
						"time": 1.0667,
						"x": 1,
						"y": 1,
						"curve": [ 0.25, 0, 0.75, 1 ]
					},
					{
						"time": 1.2667,
						"x": 1.05,
						"y": 1.1,
						"curve": [ 0.25, 0, 0.75, 1 ]
					},
					{
						"time": 1.4667,
						"x": 1,
						"y": 1,
						"curve": [ 0.243, 0, 0.649, 0.6 ]
					},
					{
						"time": 1.6,
						"x": 1.036,
						"y": 1.072,
						"curve": [ 0.382, 0.57, 0.735, 1 ]
					},
					{
						"time": 1.6667,
						"x": 1.05,
						"y": 1.1,
						"curve": [ 0.25, 0, 0.75, 1 ]
					},
					{
						"time": 1.8667,
						"x": 1,
						"y": 1,
						"curve": [ 0.25, 0, 0.75, 1 ]
					},
					{
						"time": 2.0667,
						"x": 1.05,
						"y": 1.1,
						"curve": [ 0.25, 0, 0.75, 1 ]
					},
					{
						"time": 2.2667,
						"x": 1,
						"y": 1,
						"curve": [ 0.243, 0, 0.649, 0.6 ]
					},
					{
						"time": 2.4,
						"x": 1.036,
						"y": 1.072,
						"curve": [ 0.382, 0.57, 0.735, 1 ]
					},
					{
						"time": 2.4333,
						"x": 1.05,
						"y": 1.1,
						"curve": [ 0.25, 0, 0.75, 1 ]
					},
					{
						"time": 2.6,
						"x": 1,
						"y": 1,
						"curve": [ 0.25, 0, 0.75, 1 ]
					},
					{
						"time": 2.7333,
						"x": 1.05,
						"y": 1.1,
						"curve": [ 0.25, 0, 0.75, 1 ]
					},
					{
						"time": 2.9,
						"x": 1,
						"y": 1,
						"curve": [ 0.243, 0, 0.649, 0.6 ]
					},
					{
						"time": 3,
						"x": 1.036,
						"y": 1.072,
						"curve": [ 0.382, 0.57, 0.735, 1 ]
					},
					{
						"time": 3.0333,
						"x": 1.05,
						"y": 1.1,
						"curve": [ 0.25, 0, 0.75, 1 ]
					},
					{
						"time": 3.1667,
						"x": 1,
						"y": 1,
						"curve": [ 0.25, 0, 0.75, 1 ]
					},
					{
						"time": 3.3333,
						"x": 1.05,
						"y": 1.1,
						"curve": [ 0.25, 0, 0.75, 1 ]
					},
					{
						"time": 3.4667,
						"x": 1,
						"y": 1,
						"curve": [ 0.243, 0, 0.649, 0.6 ]
					},
					{
						"time": 3.5667,
						"x": 1.036,
						"y": 1.072,
						"curve": [ 0.382, 0.57, 0.735, 1 ]
					},
					{
						"time": 3.6333,
						"x": 1.05,
						"y": 1.1,
						"curve": [ 0.25, 0, 0.75, 1 ]
					},
					{
						"time": 3.7667,
						"x": 1,
						"y": 1,
						"curve": [ 0.25, 0, 0.75, 1 ]
					},
					{
						"time": 3.9,
						"x": 1.05,
						"y": 1.1,
						"curve": [ 0.25, 0, 0.75, 1 ]
					},
					{
						"time": 4.0667,
						"x": 1,
						"y": 1,
						"curve": [ 0.243, 0, 0.649, 0.6 ]
					},
					{ "time": 4.1667, "x": 1.036, "y": 1.072 }
				]
			}
		}
	}
}
}