{
"skeleton": { "hash": "V/VYaIsFZD73B/ce4+frQ5+C8sI", "spine": "3.7.94", "width": 63.7, "height": 74.8 },
"bones": [
	{ "name": "root" },
	{ "name": "lr_body", "parent": "root" },
	{ "name": "body6", "parent": "root", "length": 31.92, "rotation": 90 },
	{ "name": "tail", "parent": "body6", "length": 16.95, "rotation": 35.45, "x": 36.54, "y": 20.88 },
	{
		"name": "tail2",
		"parent": "body6",
		"length": 16.95,
		"rotation": -41.14,
		"x": 38.06,
		"y": -20.42,
		"scaleY": -1
	},
	{ "name": "tail_2", "parent": "body6", "length": 32.97, "x": 37.32, "y": 0.11 },
	{ "name": "body8", "parent": "body6", "x": 31.59, "y": -0.03 }
],
"slots": [
	{ "name": "tail", "bone": "tail", "attachment": "tail" },
	{ "name": "tail4", "bone": "tail", "blend": "additive" },
	{ "name": "tail2", "bone": "tail2", "attachment": "tail" },
	{ "name": "tail3", "bone": "tail2", "blend": "additive" },
	{ "name": "tail_2", "bone": "tail_2", "attachment": "tail_2" },
	{ "name": "body6", "bone": "body6", "attachment": "body6" },
	{ "name": "body7", "bone": "body6", "blend": "additive" },
	{ "name": "light_2", "bone": "body8", "color": "ffffff00", "attachment": "light_2", "blend": "additive" }
],
"skins": {
	"default": {
		"body6": {
			"body6": { "x": 21.04, "y": 0.12, "rotation": -90, "width": 63, "height": 51 }
		},
		"body7": {
			"body6": { "x": 21.04, "y": 0.12, "rotation": -90, "width": 63, "height": 51 }
		},
		"light_2": {
			"light_2": { "x": -0.29, "y": 0.2, "rotation": -90, "width": 7, "height": 22 }
		},
		"tail": {
			"tail": { "x": 8.54, "y": -0.31, "rotation": -125.45, "width": 11, "height": 16 }
		},
		"tail2": {
			"tail": { "x": 8.54, "y": -0.31, "rotation": -125.45, "width": 11, "height": 16 }
		},
		"tail3": {
			"tail": { "x": 8.54, "y": -0.31, "rotation": -125.45, "width": 11, "height": 16 }
		},
		"tail4": {
			"tail": { "x": 8.54, "y": -0.31, "rotation": -125.45, "width": 11, "height": 16 }
		},
		"tail_2": {
			"tail_2": { "x": 15.03, "y": 0.1, "rotation": -90, "width": 45, "height": 36 }
		}
	}
},
"animations": {
	"fx_tail_mix": {
		"slots": {
			"body7": {
				"color": [
					{
						"time": 0,
						"color": "ffffff00",
						"curve": [ 0.25, 0, 0.75, 1 ]
					},
					{
						"time": 0.5,
						"color": "ffffffa8",
						"curve": [ 0.25, 0, 0.75, 1 ]
					},
					{ "time": 1, "color": "ffffff00" }
				],
				"attachment": [
					{ "time": 0, "name": "body6" }
				]
			},
			"light_2": {
				"color": [
					{
						"time": 1,
						"color": "ffffff00",
						"curve": [ 0.25, 0, 0.75, 1 ]
					},
					{
						"time": 1.3333,
						"color": "ffffffff",
						"curve": [ 0.25, 0, 0.75, 1 ]
					},
					{ "time": 1.6667, "color": "ffffff00" }
				]
			},
			"tail3": {
				"color": [
					{ "time": 0, "color": "ffffff00", "curve": "stepped" },
					{
						"time": 1.6667,
						"color": "ffffff00",
						"curve": [ 0.25, 0, 0.75, 1 ]
					},
					{
						"time": 2.1667,
						"color": "ffffffff",
						"curve": [ 0.25, 0, 0.75, 1 ]
					},
					{ "time": 2.6667, "color": "ffffff00" }
				],
				"attachment": [
					{ "time": 1.6667, "name": "tail" }
				]
			},
			"tail4": {
				"color": [
					{ "time": 0, "color": "ffffff00", "curve": "stepped" },
					{
						"time": 1.6667,
						"color": "ffffff00",
						"curve": [ 0.25, 0, 0.75, 1 ]
					},
					{
						"time": 2.1667,
						"color": "ffffffff",
						"curve": [ 0.25, 0, 0.75, 1 ]
					},
					{ "time": 2.6667, "color": "ffffff00" }
				],
				"attachment": [
					{ "time": 1.6667, "name": "tail" }
				]
			}
		},
		"bones": {
			"tail_2": {
				"translate": [
					{ "time": 0, "x": 0.02, "y": 0 }
				]
			},
			"lr_body": {
				"translate": [
					{ "time": 0, "x": -5.86, "y": 0 }
				]
			}
		}
	},
	"idle": {
		"bones": {
			"body6": {
				"rotate": [
					{
						"time": 0,
						"angle": 3.9,
						"curve": [ 0.25, 0, 0.75, 1 ]
					},
					{
						"time": 0.3333,
						"angle": -5.22,
						"curve": [ 0.25, 0, 0.75, 1 ]
					},
					{ "time": 0.6667, "angle": 3.9 }
				]
			},
			"tail": {
				"translate": [
					{
						"time": 0,
						"x": 0.43,
						"y": 0.3,
						"curve": [ 0.381, 0.55, 0.742, 1 ]
					},
					{
						"time": 0.1333,
						"x": 1.65,
						"y": 1.17,
						"curve": [ 0.25, 0, 0.75, 1 ]
					},
					{
						"time": 0.4667,
						"x": -1.68,
						"y": -1.19,
						"curve": [ 0.245, 0, 0.637, 0.56 ]
					},
					{ "time": 0.6667, "x": 0.43, "y": 0.3 }
				]
			},
			"tail2": {
				"translate": [
					{
						"time": 0,
						"x": -0.99,
						"y": 0.87,
						"curve": [ 0.381, 0.55, 0.742, 1 ]
					},
					{
						"time": 0.1333,
						"x": 0.25,
						"y": -0.22,
						"curve": [ 0.25, 0, 0.75, 1 ]
					},
					{
						"time": 0.4667,
						"x": -3.13,
						"y": 2.74,
						"curve": [ 0.245, 0, 0.637, 0.56 ]
					},
					{ "time": 0.6667, "x": -0.99, "y": 0.87 }
				]
			}
		}
	}
}
}