{
  "__type__": "cc.AnimationClip",
  "_name": "saobien_animation",
  "_objFlags": 0,
  "_native": "",
  "_duration": 0.15,
  "sample": 60,
  "speed": 0.5,
  "wrapMode": 2,
  "curveData": {
    "comps": {
      "cc.Sprite": {
        "spriteFrame": [
          {
            "frame": 0,
            "value": {
              "__uuid__": "5503fa60-5857-4542-a836-e6a087450276"
            }
          },
          {
            "frame": 0.016666666666666666,
            "value": {
              "__uuid__": "928d59e8-25fd-4440-b96c-1d1cafe3b57f"
            }
          },
          {
            "frame": 0.03333333333333333,
            "value": {
              "__uuid__": "928d59e8-25fd-4440-b96c-1d1cafe3b57f"
            }
          },
          {
            "frame": 0.05,
            "value": {
              "__uuid__": "2fe6459e-65d4-4644-8a84-ad7359bcb717"
            }
          },
          {
            "frame": 0.06666666666666667,
            "value": {
              "__uuid__": "b4261338-4099-418b-832f-cd56c78df520"
            }
          },
          {
            "frame": 0.08333333333333333,
            "value": {
              "__uuid__": "f61d8074-7016-43d2-b953-4783ad04b7b3"
            }
          },
          {
            "frame": 0.1,
            "value": {
              "__uuid__": "10f9f252-fda5-4dac-adca-7013e5727115"
            }
          },
          {
            "frame": 0.11666666666666667,
            "value": {
              "__uuid__": "df4964cb-7ff6-4af9-8661-7b732dee1444"
            }
          },
          {
            "frame": 0.13333333333333333,
            "value": {
              "__uuid__": "718594e7-4d26-47ad-a6f2-6509e55f5441"
            }
          }
        ]
      }
    }
  },
  "events": []
}