{
  "__type__": "sp.SkeletonData",
  "_name": "boss_38_body_2",
  "_objFlags": 0,
  "_native": "",
  "_skeletonJson": {
    "skeleton": {
      "hash": "Q1TVyH6Cqqx/eEnvcCTLF/njKd8",
      "spine": "3.7.94",
      "width": 149.66,
      "height": 61.98
    },
    "bones": [
      {
        "name": "root"
      },
      {
        "name": "lr_body",
        "parent": "root"
      },
      {
        "name": "body9",
        "parent": "root",
        "length": 32.49,
        "rotation": 90
      },
      {
        "name": "body12",
        "parent": "body9",
        "rotation": 90,
        "x": 0.22,
        "y": 26.05,
        "transform": "onlyTranslation"
      },
      {
        "name": "hand3_r",
        "parent": "body12",
        "length": 25,
        "rotation": 35.43,
        "y": -0.21
      },
      {
        "name": "hand2_r",
        "parent": "hand3_r",
        "length": 20.77,
        "rotation": 116.19,
        "x": 26.25,
        "y": 6.84
      },
      {
        "name": "f_1",
        "parent": "hand2_r",
        "length": 15.8,
        "rotation": 32.95,
        "x": 17.37,
        "y": 9.38
      },
      {
        "name": "f_2",
        "parent": "hand2_r",
        "length": 14.17,
        "rotation": 16.4,
        "x": 22.92,
        "y": -2.66
      },
      {
        "name": "f_3",
        "parent": "hand2_r",
        "length": 14.3,
        "rotation": 25.01,
        "x": 29.26,
        "y": -9.97
      },
      {
        "name": "body15",
        "parent": "body9",
        "rotation": 90,
        "x": 0.23,
        "y": -26.01,
        "scaleY": -1,
        "transform": "onlyTranslation"
      },
      {
        "name": "hand3_r4",
        "parent": "body15",
        "length": 25,
        "rotation": 35.43,
        "y": -0.21
      },
      {
        "name": "hand2_r4",
        "parent": "hand3_r4",
        "length": 20.77,
        "rotation": 116.19,
        "x": 26.25,
        "y": 6.84
      },
      {
        "name": "f_10",
        "parent": "hand2_r4",
        "length": 15.8,
        "rotation": 32.95,
        "x": 17.37,
        "y": 9.38
      },
      {
        "name": "f_11",
        "parent": "hand2_r4",
        "length": 14.17,
        "rotation": 16.4,
        "x": 22.92,
        "y": -2.66
      },
      {
        "name": "f_12",
        "parent": "hand2_r4",
        "length": 14.3,
        "rotation": 25.01,
        "x": 29.26,
        "y": -9.97
      },
      {
        "name": "body16",
        "parent": "body9",
        "x": 31.99,
        "y": 0.21
      },
      {
        "name": "bone",
        "parent": "root",
        "x": 57.67,
        "y": -27.94
      },
      {
        "name": "ik_1",
        "parent": "bone",
        "x": -1.33,
        "y": 26.56
      },
      {
        "name": "bone2",
        "parent": "root",
        "x": -57.38,
        "y": -26.9
      },
      {
        "name": "ik_2",
        "parent": "bone2",
        "x": 0.46,
        "y": 25.59
      }
    ],
    "slots": [
      {
        "name": "hand3_r",
        "bone": "hand3_r",
        "attachment": "hand3_r"
      },
      {
        "name": "hand3_r4",
        "bone": "hand3_r4",
        "attachment": "hand3_r"
      },
      {
        "name": "body8",
        "bone": "body9",
        "attachment": "body"
      },
      {
        "name": "body9",
        "bone": "body9",
        "blend": "additive"
      },
      {
        "name": "hand2_r",
        "bone": "hand2_r",
        "attachment": "hand2_r"
      },
      {
        "name": "hand2_r4",
        "bone": "hand2_r4",
        "attachment": "hand2_r"
      },
      {
        "name": "hand",
        "bone": "hand2_r",
        "attachment": "hand"
      },
      {
        "name": "hand4",
        "bone": "hand2_r4",
        "attachment": "hand"
      },
      {
        "name": "f_3",
        "bone": "f_3",
        "attachment": "f_3"
      },
      {
        "name": "f_12",
        "bone": "f_12",
        "attachment": "f_3"
      },
      {
        "name": "f_2",
        "bone": "f_2",
        "attachment": "f_2"
      },
      {
        "name": "f_11",
        "bone": "f_11",
        "attachment": "f_2"
      },
      {
        "name": "f_1",
        "bone": "f_1",
        "attachment": "f_1"
      },
      {
        "name": "f_10",
        "bone": "f_10",
        "attachment": "f_1"
      },
      {
        "name": "light3",
        "bone": "body16",
        "color": "ffffff00",
        "attachment": "light",
        "blend": "additive"
      }
    ],
    "ik": [
      {
        "name": "ik_1",
        "order": 0,
        "bones": [
          "hand3_r4",
          "hand2_r4"
        ],
        "target": "ik_1"
      },
      {
        "name": "ik_2",
        "order": 1,
        "bones": [
          "hand3_r",
          "hand2_r"
        ],
        "target": "ik_2"
      }
    ],
    "skins": {
      "default": {
        "body8": {
          "body": {
            "x": 10.88,
            "y": 0.17,
            "rotation": -90,
            "width": 77,
            "height": 57
          }
        },
        "body9": {
          "body": {
            "x": 10.88,
            "y": 0.17,
            "rotation": -90,
            "width": 77,
            "height": 57
          }
        },
        "f_1": {
          "f_1": {
            "x": 4.96,
            "y": 0.57,
            "rotation": 85.43,
            "width": 16,
            "height": 25
          }
        },
        "f_10": {
          "f_1": {
            "x": 4.96,
            "y": 0.57,
            "rotation": 85.43,
            "width": 16,
            "height": 25
          }
        },
        "f_11": {
          "f_2": {
            "x": 5.88,
            "y": -0.09,
            "rotation": 101.98,
            "width": 15,
            "height": 29
          }
        },
        "f_12": {
          "f_3": {
            "x": 5.62,
            "y": 0.47,
            "rotation": 93.37,
            "width": 11,
            "height": 21
          }
        },
        "f_2": {
          "f_2": {
            "x": 5.88,
            "y": -0.09,
            "rotation": 101.98,
            "width": 15,
            "height": 29
          }
        },
        "f_3": {
          "f_3": {
            "x": 5.62,
            "y": 0.47,
            "rotation": 93.37,
            "width": 11,
            "height": 21
          }
        },
        "hand": {
          "hand": {
            "x": 24.18,
            "y": 3.92,
            "rotation": 118.38,
            "width": 22,
            "height": 6
          }
        },
        "hand2_r": {
          "hand2_r": {
            "x": 12.23,
            "y": -0.26,
            "rotation": 118.38,
            "width": 18,
            "height": 27
          }
        },
        "hand2_r4": {
          "hand2_r": {
            "x": 12.23,
            "y": -0.26,
            "rotation": 118.38,
            "width": 18,
            "height": 27
          }
        },
        "hand3_r": {
          "hand3_r": {
            "x": 14.78,
            "y": 2.16,
            "rotation": -125.43,
            "width": 33,
            "height": 35
          }
        },
        "hand3_r4": {
          "hand3_r": {
            "x": 14.78,
            "y": 2.16,
            "rotation": -125.43,
            "width": 33,
            "height": 35
          }
        },
        "hand4": {
          "hand": {
            "x": 24.18,
            "y": 3.92,
            "rotation": 118.38,
            "width": 22,
            "height": 6
          }
        },
        "light3": {
          "light": {
            "x": 0.13,
            "y": -0.02,
            "rotation": -90,
            "width": 7,
            "height": 13
          }
        }
      }
    },
    "animations": {
      "fx_body_mix": {
        "slots": {
          "body9": {
            "color": [
              {
                "time": 0,
                "color": "ffffff00",
                "curve": [
                  0.25,
                  0,
                  0.75,
                  1
                ]
              },
              {
                "time": 0.5,
                "color": "ffffffd1",
                "curve": [
                  0.25,
                  0,
                  0.75,
                  1
                ]
              },
              {
                "time": 1,
                "color": "ffffff00"
              }
            ],
            "attachment": [
              {
                "time": 0,
                "name": "body"
              }
            ]
          },
          "light3": {
            "color": [
              {
                "time": 1,
                "color": "ffffff00",
                "curve": [
                  0.25,
                  0,
                  0.75,
                  1
                ]
              },
              {
                "time": 1.3333,
                "color": "ffffffff",
                "curve": [
                  0.25,
                  0,
                  0.75,
                  1
                ]
              },
              {
                "time": 1.6667,
                "color": "ffffff00"
              }
            ]
          }
        }
      },
      "move": {
        "bones": {
          "ik_1": {
            "translate": [
              {
                "time": 0.2667,
                "x": 0,
                "y": 0,
                "curve": [
                  0.25,
                  0,
                  0.75,
                  1
                ]
              },
              {
                "time": 0.4333,
                "x": 0,
                "y": 11.28,
                "curve": [
                  0.443,
                  0,
                  0.92,
                  0.79
                ]
              },
              {
                "time": 0.5333,
                "x": 0,
                "y": 0
              }
            ]
          },
          "bone": {
            "translate": [
              {
                "time": 0,
                "x": 9.16,
                "y": 0,
                "curve": [
                  0.25,
                  0,
                  0.75,
                  1
                ]
              },
              {
                "time": 0.2667,
                "x": 0,
                "y": 0,
                "curve": [
                  0.25,
                  0,
                  0.75,
                  1
                ]
              },
              {
                "time": 0.5333,
                "x": 9.16,
                "y": 0
              }
            ]
          },
          "bone2": {
            "translate": [
              {
                "time": 0,
                "x": 0,
                "y": 0,
                "curve": [
                  0.25,
                  0,
                  0.75,
                  1
                ]
              },
              {
                "time": 0.2667,
                "x": -6.6,
                "y": 0,
                "curve": [
                  0.25,
                  0,
                  0.75,
                  1
                ]
              },
              {
                "time": 0.5333,
                "x": 0,
                "y": 0
              }
            ]
          },
          "ik_2": {
            "translate": [
              {
                "time": 0,
                "x": 0,
                "y": 0,
                "curve": [
                  0.25,
                  0,
                  0.553,
                  1
                ]
              },
              {
                "time": 0.1667,
                "x": 0,
                "y": 10.34,
                "curve": [
                  0.542,
                  0,
                  0.86,
                  0.64
                ]
              },
              {
                "time": 0.2667,
                "x": 0,
                "y": 0
              }
            ]
          }
        }
      }
    }
  },
  "_atlasText": "\nboss_38_body_2.png\nsize: 136,76\nformat: RGBA8888\nfilter: Linear,Linear\nrepeat: none\nbody\n  rotate: false\n  xy: 2, 17\n  size: 77, 57\n  orig: 77, 57\n  offset: 0, 0\n  index: -1\nf_1\n  rotate: false\n  xy: 81, 12\n  size: 16, 25\n  orig: 16, 25\n  offset: 0, 0\n  index: -1\nf_2\n  rotate: false\n  xy: 99, 8\n  size: 15, 29\n  orig: 15, 29\n  offset: 0, 0\n  index: -1\nf_3\n  rotate: false\n  xy: 116, 24\n  size: 11, 21\n  orig: 11, 21\n  offset: 0, 0\n  index: -1\nhand\n  rotate: false\n  xy: 11, 9\n  size: 22, 6\n  orig: 22, 6\n  offset: 0, 0\n  index: -1\nhand2_r\n  rotate: false\n  xy: 116, 47\n  size: 18, 27\n  orig: 18, 27\n  offset: 0, 0\n  index: -1\nhand3_r\n  rotate: false\n  xy: 81, 39\n  size: 33, 35\n  orig: 33, 35\n  offset: 0, 0\n  index: -1\nlight\n  rotate: false\n  xy: 2, 2\n  size: 7, 13\n  orig: 7, 13\n  offset: 0, 0\n  index: -1\n",
  "textures": [
    {
      "__uuid__": "113d9262-8803-4836-a49a-a90cc09f7a12"
    }
  ],
  "textureNames": [
    "boss_38_body_2.png"
  ],
  "scale": 1
}