{
  "__type__": "cc.TextAsset",
  "_name": "boss_38_tail.atlas",
  "_objFlags": 0,
  "_native": "",
  "text": "\nboss_38_tail.png\nsize: 136,56\nformat: RGBA8888\nfilter: Linear,Linear\nrepeat: none\nbody6\n  rotate: false\n  xy: 2, 2\n  size: 63, 51\n  orig: 63, 51\n  offset: 0, 0\n  index: -1\nlight_2\n  rotate: false\n  xy: 114, 31\n  size: 7, 22\n  orig: 7, 22\n  offset: 0, 0\n  index: -1\ntail\n  rotate: false\n  xy: 123, 37\n  size: 11, 16\n  orig: 11, 16\n  offset: 0, 0\n  index: -1\ntail_2\n  rotate: false\n  xy: 67, 17\n  size: 45, 36\n  orig: 45, 36\n  offset: 0, 0\n  index: -1\n"
}