{
  "__type__": "cc.TextAsset",
  "_name": "boss_38_head.atlas",
  "_objFlags": 0,
  "_native": "",
  "text": "\nboss_38_head.png\nsize: 224,76\nformat: RGBA8888\nfilter: Linear,Linear\nrepeat: none\neye_l\n  rotate: false\n  xy: 204, 29\n  size: 16, 21\n  orig: 16, 21\n  offset: 0, 0\n  index: -1\nh_1\n  rotate: false\n  xy: 195, 52\n  size: 23, 20\n  orig: 23, 20\n  offset: 0, 0\n  index: -1\nh_2\n  rotate: false\n  xy: 204, 10\n  size: 14, 17\n  orig: 14, 17\n  offset: 0, 0\n  index: -1\nh_3\n  rotate: false\n  xy: 169, 25\n  size: 19, 22\n  orig: 19, 22\n  offset: 0, 0\n  index: -1\nh_4\n  rotate: false\n  xy: 168, 49\n  size: 25, 23\n  orig: 25, 23\n  offset: 0, 0\n  index: -1\nh_5\n  rotate: false\n  xy: 155, 5\n  size: 26, 11\n  orig: 26, 11\n  offset: 0, 0\n  index: -1\nhead\n  rotate: false\n  xy: 121, 44\n  size: 45, 28\n  orig: 45, 28\n  offset: 0, 0\n  index: -1\nhead_1\n  rotate: false\n  xy: 2, 4\n  size: 117, 68\n  orig: 117, 68\n  offset: 0, 0\n  index: -1\nhorn3_l\n  rotate: false\n  xy: 155, 18\n  size: 12, 24\n  orig: 12, 24\n  offset: 0, 0\n  index: -1\nhorn3_r\n  rotate: false\n  xy: 190, 23\n  size: 12, 24\n  orig: 12, 24\n  offset: 0, 0\n  index: -1\nhorn_l\n  rotate: false\n  xy: 121, 2\n  size: 15, 40\n  orig: 15, 40\n  offset: 0, 0\n  index: -1\nhorn_r\n  rotate: false\n  xy: 138, 2\n  size: 15, 40\n  orig: 15, 40\n  offset: 0, 0\n  index: -1\n"
}