{
  "__type__": "cc.TextAsset",
  "_name": "boss_38_body_2.atlas",
  "_objFlags": 0,
  "_native": "",
  "text": "\nboss_38_body_2.png\nsize: 136,76\nformat: RGBA8888\nfilter: Linear,Linear\nrepeat: none\nbody\n  rotate: false\n  xy: 2, 17\n  size: 77, 57\n  orig: 77, 57\n  offset: 0, 0\n  index: -1\nf_1\n  rotate: false\n  xy: 81, 12\n  size: 16, 25\n  orig: 16, 25\n  offset: 0, 0\n  index: -1\nf_2\n  rotate: false\n  xy: 99, 8\n  size: 15, 29\n  orig: 15, 29\n  offset: 0, 0\n  index: -1\nf_3\n  rotate: false\n  xy: 116, 24\n  size: 11, 21\n  orig: 11, 21\n  offset: 0, 0\n  index: -1\nhand\n  rotate: false\n  xy: 11, 9\n  size: 22, 6\n  orig: 22, 6\n  offset: 0, 0\n  index: -1\nhand2_r\n  rotate: false\n  xy: 116, 47\n  size: 18, 27\n  orig: 18, 27\n  offset: 0, 0\n  index: -1\nhand3_r\n  rotate: false\n  xy: 81, 39\n  size: 33, 35\n  orig: 33, 35\n  offset: 0, 0\n  index: -1\nlight\n  rotate: false\n  xy: 2, 2\n  size: 7, 13\n  orig: 7, 13\n  offset: 0, 0\n  index: -1\n"
}